obs,pre,filename,study,split
4,5,t7-20221201-1527_jpg.rf.40534751e2ccecbbb8fed820971c9ea5,s1,test_a01
14,17,t7-20221201-1557_jpg.rf.c11e181ad2da7b147eda316ccd11ae88,s1,test_a01
19,23,t7-20221201-1627_jpg.rf.f8e46dd29e614b8a2c7e8baa91cd89d0,s1,test_a01
20,22,t7-20221201-1657_jpg.rf.b44340414d80016b39b9b52dee0fd838,s1,test_a01
14,14,t7-20221201-1727_jpg.rf.7abf4c086dacf1ff80f831b166704e37,s1,test_a01
20,21,t7-20221201-1757_jpg.rf.68de00180894e5fb0d758b36ef4f32ee,s1,test_a01
17,16,t7-20221201-1827_jpg.rf.5a4b00cb6f2743a67eb0465e9fb23f54,s1,test_a01
14,14,t7-20221201-1857_jpg.rf.a51d1f1b831bf5743e48738c37da6202,s1,test_a01
8,8,t7-20221201-1927_jpg.rf.e2eb2961e6f6da582d29e7b40d334e4e,s1,test_a01
14,16,t7-20221201-1957_jpg.rf.8689bd400ff0657a40e9cac9d97d6ec7,s1,test_a01
10,10,t7-20221201-2027_jpg.rf.6a4427989f461f6813149e9fae3854e6,s1,test_a01
6,6,t7-20221201-2057_jpg.rf.a9ee895611ca48a57967cf0e3eeab307,s1,test_a01
13,13,t7-20221201-2127_jpg.rf.29fbb63be06cbeb1a027c8c6cca6fdb9,s1,test_a01
8,8,t7-20221201-2157_jpg.rf.72e521fcec0a8368ee0639da1ba7d54a,s1,test_a01
10,10,t7-20221201-2227_jpg.rf.1ed9c5027d3c30ae2826c21fac2a72c9,s1,test_a01
8,9,t7-20221201-2257_jpg.rf.0274f184a028a6960a54bc7805ee2252,s1,test_a01
5,5,t7-20221201-2327_jpg.rf.26dc7bc7594030a95f9add915525012d,s1,test_a01
7,7,t7-20221201-2357_jpg.rf.5cb1818a4b9bbaf7393ff5f8f723477f,s1,test_a01
5,5,t7-20221202-0027_jpg.rf.de5faf3d6f898f3581b8e1f7ef713af8,s1,test_a01
2,2,t7-20221202-0057_jpg.rf.9368350b0628b6b7605e47bf7669e9eb,s1,test_a01
3,3,t7-20221202-0127_jpg.rf.da9e95809705a244b01eb1ac4cdc05f4,s1,test_a01
0,2,t7-20221202-0157_jpg.rf.32cc5ffebe4db6c39b11740969b63107,s1,test_a01
6,7,t7-20221202-0227_jpg.rf.cebfe95a926e8c4bc29fb08d65c3794f,s1,test_a01
7,8,t7-20221202-0257_jpg.rf.48c900cfa7274865c84df5cd2d445d43,s1,test_a01
6,6,t7-20221202-0327_jpg.rf.7af416aee266f7f695d526c5d1daad13,s1,test_a01
8,8,t7-20221202-0357_jpg.rf.9347fbe9230111f7b6ce18aaafb89ffa,s1,test_a01
5,6,t7-20221202-0427_jpg.rf.d0e2c44e6025e5b1c98f3e5fdad35e89,s1,test_a01
3,4,t7-20221202-0457_jpg.rf.8196533698324dcffde2d18be08074bd,s1,test_a01
3,4,t7-20221202-0527_jpg.rf.194d3ae9d164619cea62af56f5c90958,s1,test_a01
4,4,t7-20221202-0557_jpg.rf.f36447772391975b4eb82d66c0b3868f,s1,test_a01
6,6,t7-20221202-0627_jpg.rf.44c43cef14ee5b3b6abe1d6044fee403,s1,test_a01
5,5,t7-20221202-0657_jpg.rf.0bef513482b3a5ff13ab9a7b33bfef4b,s1,test_a01
7,7,t7-20221202-0727_jpg.rf.e1d5e020829d1ba3a1b5d17b061088a9,s1,test_a01
7,7,t7-20221202-0757_jpg.rf.99e1f1a05644c75b0e3978e5d9450b14,s1,test_a01
5,6,t7-20221202-0827_jpg.rf.b6a352bd69271ab3289546bcc9585b37,s1,test_a01
6,6,t7-20221202-0857_jpg.rf.33a7aeaaea7ac7b6f2a375164f43fddb,s1,test_a01
6,6,t7-20221202-0927_jpg.rf.58d5636abaf66e0264a0278774e181b7,s1,test_a01
4,4,t7-20221202-0957_jpg.rf.9129a400fb448db5c7e5f5fdecc1c9e4,s1,test_a01
5,5,t7-20221202-1027_jpg.rf.f985a239ca206187c1bd5848da56256e,s1,test_a01
6,6,t7-20221202-1057_jpg.rf.ab7a8ae849b09640b97c413346d69383,s1,test_a01
2,2,t7-20221202-1127_jpg.rf.0931ae84c086daf026aaaeaad4f154da,s1,test_a01
6,7,t7-20221202-1157_jpg.rf.da17d296fdc28a5c49fab71aee4a07d8,s1,test_a01
6,8,t7-20221202-1227_jpg.rf.6a188c02fa5e9ddaeae21925a1083a67,s1,test_a01
6,8,t7-20221202-1257_jpg.rf.4d5e0a30053885bee161fdfc1e28a831,s1,test_a01
7,9,t7-20221202-1327_jpg.rf.bd783498382071b90fc6f99cdebf0dac,s1,test_a01
7,8,t7-20221202-1356_jpg.rf.92c7082e63332b65e835a23018faf758,s1,test_a01
3,3,t7-20221202-1426_jpg.rf.50bfb332b9f1b1f6cad52a45d9053c0b,s1,test_a01
6,6,t7-20221202-1456_jpg.rf.d1ab5b848b668825bcdcfc5aca9e08be,s1,test_a01
3,5,t7-20221202-1526_jpg.rf.3729c1322b7afe4c3532f4e1f32ec5e0,s1,test_a01
3,4,t7-20221202-1556_jpg.rf.c982842d9702fc6449aada5c78c59b83,s1,test_a01
8,9,t7-20221202-1626_jpg.rf.93799d4b9961fe91972cf6cea8204734,s1,test_a01
7,9,t7-20221202-1656_jpg.rf.f430e6e58363141b712ed87c2dc7ea05,s1,test_a01
4,4,t7-20221202-1726_jpg.rf.f44443aa663e52b4d44b70033b684c7d,s1,test_a01
11,12,t7-20221202-1756_jpg.rf.c886f7c5746bd5e82cf51e2ec1f1a796,s1,test_a01
13,17,t7-20221202-1826_jpg.rf.6c90077a09f704471eef8d62e91c32f7,s1,test_a01
10,11,t7-20221202-1856_jpg.rf.3c2dcd45bb3f49221c92e8f6fadae4c7,s1,test_a01
10,11,t7-20221202-1926_jpg.rf.045ec6eaca28a177e193c41fd978cfdf,s1,test_a01
21,25,t7-20221202-1956_jpg.rf.bddacad9ca9bc27aaa7858680ba6c956,s1,test_a01
11,12,t7-20221202-2026_jpg.rf.53e7efedce538550e29adcc5ffeac37e,s1,test_a01
8,8,t7-20221202-2056_jpg.rf.2c7c6a56d92a56435b1026c76dc11079,s1,test_a01
3,3,t7-20221202-2126_jpg.rf.d358d8c8f978962d23c31575632380a1,s1,test_a01
6,8,t7-20221202-2156_jpg.rf.82ae3c5afec9b46937b08a577bbf476b,s1,test_a01
4,5,t7-20221202-2226_jpg.rf.0424478bc20e8a71ca181bcf1322b250,s1,test_a01
3,4,t7-20221202-2256_jpg.rf.a758c6a090cab7a4b8f5d552a658393a,s1,test_a01
11,12,t7-20221202-2326_jpg.rf.6f05381aa3e150ba69befc5db5ab43d0,s1,test_a01
5,6,t7-20221202-2356_jpg.rf.3fd8db7ddcd5493db7efa11a58903e44,s1,test_a01
5,6,t7-20221203-0026_jpg.rf.d4bc58c5dfc165321539a40ca5c51622,s1,test_a01
5,6,t7-20221203-0056_jpg.rf.71496cae112eaffc4dc7623667d76487,s1,test_a01
5,7,t7-20221203-0126_jpg.rf.ef249cba37b95b2686f96cc4e2ea1396,s1,test_a01
3,5,t7-20221203-0156_jpg.rf.a9b2afdb63112815bea4f2b716aa02cd,s1,test_a01
5,7,t7-20221203-0226_jpg.rf.6736cefc68fae0f025a10d2000d6f5af,s1,test_a01
6,7,t7-20221203-0256_jpg.rf.36b7e2ce8156cc5bb87668424a6c0256,s1,test_a01
4,5,t7-20221203-0326_jpg.rf.9ed62272df62a27d1bc14d2c50bc3dbf,s1,test_a01
5,8,t7-20221203-0356_jpg.rf.318e87803da7c33d7cf193d0dbecc243,s1,test_a01
4,5,t7-20221203-0426_jpg.rf.eba37c59a4f33c057b3508b2464c4ce6,s1,test_a01
6,7,t7-20221203-0456_jpg.rf.dd1fde50b92149576085003a639fc5d7,s1,test_a01
5,6,t7-20221203-0526_jpg.rf.6823f3d1cf6d44f69b360066bca7f254,s1,test_a01
4,6,t7-20221203-0556_jpg.rf.c9cb5c151023a3892f54b499fb9a9c98,s1,test_a01
5,6,t7-20221203-0626_jpg.rf.a01653c2b25336ed53169a555a507a8f,s1,test_a01
6,7,t7-20221203-0656_jpg.rf.cf2f9f06a6ff7a19118e07de02f3007b,s1,test_a01
4,6,t7-20221203-0726_jpg.rf.68fe270f73373b28d7a788b09dc4c6c2,s1,test_a01
6,7,t7-20221203-0756_jpg.rf.fe74a65173d22c7fe05a40fa5f425ed7,s1,test_a01
8,9,t7-20221203-0826_jpg.rf.40bc022eddeb8498557024ef734708bd,s1,test_a01
9,10,t7-20221203-0856_jpg.rf.c7418ecbbded44aff0d787b5f5a144ab,s1,test_a01
4,6,t7-20221203-0926_jpg.rf.e8b0be490864411b199051b90df573c1,s1,test_a01
5,7,t7-20221203-0956_jpg.rf.e964dc51ed0fe7ac0f5c198d42b555c6,s1,test_a01
2,3,t7-20221203-1026_jpg.rf.c9e8e912c248953f49e907d1388f88a6,s1,test_a01
2,4,t7-20221203-1056_jpg.rf.926015875becd96b1c1863d7a783b62c,s1,test_a01
8,10,t7-20221203-1126_jpg.rf.3fada9507e1505a698b5b1ecfe1c4928,s1,test_a01
3,3,t7-20221203-1156_jpg.rf.a44f05e0316214e74c53c29a9d23f00e,s1,test_a01
2,2,t7-20221203-1226_jpg.rf.9c0c967ac29d7312eae6f2efadb446d6,s1,test_a01
4,5,t7-20221203-1256_jpg.rf.fab3635356c7de3a165b5c6a106054b8,s1,test_a01
10,10,t7-20221203-1326_jpg.rf.c3d1df5c0777ee45a8521b1130ad6afc,s1,test_a01
8,8,t7-20221203-1356_jpg.rf.233ee515bf4d2587c71293c7057864de,s1,test_a01
9,10,t7-20221203-1426_jpg.rf.88d2cd0ac651cb231ab520e5a8c865fe,s1,test_a01
6,6,t7-20221203-1456_jpg.rf.ed6d99fd5ae2d1f1ad1d544d626d7393,s1,test_a01
8,8,t7-20221203-1526_jpg.rf.38dada44cfa064e95efa07603de32226,s1,test_a01
12,12,t7-20221203-1556_jpg.rf.fffdce5e0b047acadda1d4c6d12a5500,s1,test_a01
4,5,t7-20221203-1626_jpg.rf.194f4689ca6adf6e56e392abb76d75a7,s1,test_a01
4,4,t7-20221203-1656_jpg.rf.5ff26d6dcccd3be60b95476cc6219d86,s1,test_a01
8,8,t7-20221203-1726_jpg.rf.a8f08077bd96306509fc78f5cb5ad4fa,s1,test_a01
8,8,t7-20221203-1756_jpg.rf.bd46b60b381bcb63cd13f297768b95e4,s1,test_a01
4,5,t7-20221203-1826_jpg.rf.eabb5dd934da7906e274b5f9f2b4d09e,s1,test_a01
6,7,t7-20221203-1856_jpg.rf.12d85656c226e83ed0db08aabfe588de,s1,test_a01
4,6,t7-20221203-1926_jpg.rf.fbe08a415cdcc9dacd5a2a8b95f7fecd,s1,test_a01
3,3,t7-20221203-1956_jpg.rf.ffc2a18b513614d1eb4eba958af68c99,s1,test_a01
3,4,t7-20221203-2026_jpg.rf.125b622add036425f917894acf60d0fd,s1,test_a01
3,4,t7-20221203-2056_jpg.rf.a2b09ea0ed3d48ac266b7666b7756466,s1,test_a01
8,8,t7-20221203-2126_jpg.rf.8f990e88fa14694cb067aaa3627938f1,s1,test_a01
7,7,t7-20221203-2156_jpg.rf.7883f9bfba75df5cab3dcdb0c7b6c14b,s1,test_a01
5,6,t7-20221203-2226_jpg.rf.8a4bcbcbdb776ae2b4f46ea729d9fccc,s1,test_a01
5,8,t7-20221203-2256_jpg.rf.ba0903a32d8de38281ebfee3f3e7f785,s1,test_a01
9,10,t7-20221203-2326_jpg.rf.9e513af826ce81ff1bb8b212b1528174,s1,test_a01
9,11,t7-20221203-2356_jpg.rf.0f8f277c85b327f9f748d3abd5f5d817,s1,test_a01
7,8,t7-20221204-0026_jpg.rf.ddf0118caf132219522d7245ae6b85dd,s1,test_a01
9,10,t7-20221204-0056_jpg.rf.c133f7f3f9f9e3fb2fb27cc44a1ce4fe,s1,test_a01
7,7,t7-20221204-0126_jpg.rf.fb4e8023006b0425ccbafa55798fb8a5,s1,test_a01
7,7,t7-20221204-0156_jpg.rf.01d2a757f4e8bc56cce5da1bc176e840,s1,test_a01
4,4,t7-20221204-0226_jpg.rf.3391fe080700e62982ad02d06c6c217e,s1,test_a01
8,8,t7-20221204-0256_jpg.rf.c5c9c4f8024bf5307c3ce1f626e2568c,s1,test_a01
6,7,t7-20221204-0326_jpg.rf.da3503182f1929d83c32fec32da3accb,s1,test_a01
7,7,t7-20221204-0356_jpg.rf.44d2061578d6d03888713bf42eeaf4cb,s1,test_a01
3,3,t7-20221204-0426_jpg.rf.735f79c9eb6cf5b92369f00a82f1e781,s1,test_a01
5,6,t7-20221204-0456_jpg.rf.7128187799c4a58cf007ff21e9b088f9,s1,test_a01
6,6,t7-20221204-0526_jpg.rf.702166f412074bd0e3e4f27f7bda3a0f,s1,test_a01
7,7,t7-20221204-0556_jpg.rf.b70d866fc03c9df90f2e521e3e1c9291,s1,test_a01
5,5,t7-20221204-0626_jpg.rf.e99d62ebae1324ecbd9f6cef767bb91e,s1,test_a01
7,7,t7-20221204-0656_jpg.rf.cfcb651b72ce90644ce8c7ef501407b2,s1,test_a01
8,8,t7-20221204-0726_jpg.rf.9579da55037400ca69196c7811e1c01a,s1,test_a01
10,11,t7-20221204-0756_jpg.rf.8b48292c227d996ce07990b80dde2eb1,s1,test_a01
7,7,t7-20221204-0826_jpg.rf.55db8d6a70721834e78f6120b92dce4b,s1,test_a01
5,5,t7-20221204-0856_jpg.rf.ce64254e44e42e586b929de6c733af17,s1,test_a01
6,8,t7-20221204-0926_jpg.rf.9bed545ecedffeb31ae873e2e1c4ffed,s1,test_a01
4,5,t7-20221204-0956_jpg.rf.20850b02ab282d5a0055d1759568b27c,s1,test_a01
7,8,t7-20221204-1026_jpg.rf.e544feae77e61a024cb61568b94f824e,s1,test_a01
7,7,t7-20221204-1056_jpg.rf.e07a94755c58cf41975082059c8d8f02,s1,test_a01
6,6,t7-20221204-1126_jpg.rf.8cdc4a183b7f6ceb97902b561522eda9,s1,test_a01
4,4,t7-20221204-1156_jpg.rf.d4292debf26a2792f5d35e116381dc3f,s1,test_a01
4,3,t7-20221204-1226_jpg.rf.0dcec800a2ff1e0a415283af74824f62,s1,test_a01
4,4,t7-20221204-1256_jpg.rf.81f7a6be0da515982891c58b62b0db1a,s1,test_a01
6,7,t7-20221204-1326_jpg.rf.f5857d86fdcf666716f8f238c3e74ba3,s1,test_a01
3,4,t7-20221204-1356_jpg.rf.e882e07c935d8c5aae35d7e75fdd1ef5,s1,test_a01
3,4,t7-20221204-1426_jpg.rf.68b5e37f3cba51ba3a739462925b25ec,s1,test_a01
2,1,t7-20221204-1456_jpg.rf.4958b858338de22c12aae1e53131a6a5,s1,test_a01
8,9,t7-20221204-1526_jpg.rf.4b29597390aab5fc28b3cdd692d4ee4c,s1,test_a01
6,4,t7-20221204-1556_jpg.rf.1b71be93a0fa349a9ee643c722331847,s1,test_a01
7,10,t7-20221204-1626_jpg.rf.ffcae5e4612375daa4a758ff5a87dcd5,s1,test_a01
2,2,t7-20221204-1656_jpg.rf.6c7fd69d69e218c999b12748d55d58df,s1,test_a01
3,5,t7-20221204-1726_jpg.rf.1e291d26f71c70bf245a5af13abce883,s1,test_a01
7,8,t7-20221204-1756_jpg.rf.a01d68b62bcf62e5cf56b790a7bdf3a6,s1,test_a01
8,8,t7-20221204-1826_jpg.rf.1ae53d51f4c12f4bdc5214ea652da0cd,s1,test_a01
2,3,t7-20221204-1856_jpg.rf.1b3a7d87d6d65fe77139768e8cf3a315,s1,test_a01
4,5,t7-20221204-1926_jpg.rf.c10f53e147c584e87556a7a3aa1770a4,s1,test_a01
6,6,t7-20221204-1956_jpg.rf.ea07a650d5d9322ee296555b78706b67,s1,test_a01
4,4,t7-20221204-2026_jpg.rf.9a7f3f1a0327d1e0ff760c98bdeefd29,s1,test_a01
3,3,t7-20221204-2056_jpg.rf.e6502b32e9e13ccdc5f62b979ce0bcc7,s1,test_a01
9,9,t7-20221204-2126_jpg.rf.2db1cfe276baf265a1a9571821263f9c,s1,test_a01
9,8,t7-20221204-2156_jpg.rf.51643f0f81acb50df0ada5fd3582f210,s1,test_a01
6,5,t7-20221204-2226_jpg.rf.08cb8996ec5a46524bc8d8bd4a7e2e32,s1,test_a01
9,9,t7-20221204-2256_jpg.rf.8fc8c219fe2a546715c94a90a6b61016,s1,test_a01
6,6,t7-20221204-2326_jpg.rf.259720506e9f0104f71481d6ee4c9bca,s1,test_a01
5,5,t7-20221204-2356_jpg.rf.3eb512d902fe86276ff81cd0d203cedb,s1,test_a01
6,6,t7-20221205-0026_jpg.rf.00af58e26d0b1ac40cad3c7802b22840,s1,test_a01
6,6,t7-20221205-0056_jpg.rf.9da338ef01e16bd0ad9b93fe57b6811b,s1,test_a01
7,7,t7-20221205-0126_jpg.rf.369c614010b0ce746d584eeee8b79d8c,s1,test_a01
5,5,t7-20221205-0156_jpg.rf.848cd04faaba6013155e6123bb811488,s1,test_a01
6,6,t7-20221205-0226_jpg.rf.d495aecb0b5241ea6936b4a0be0506ec,s1,test_a01
4,4,t7-20221205-0256_jpg.rf.b447adffc49b40ee6ace366f524ac598,s1,test_a01
7,6,t7-20221205-0326_jpg.rf.501175f92553aae3a49d5d59c900922d,s1,test_a01
4,4,t7-20221205-0356_jpg.rf.5f5931c40e2934bf2165246510dea4c2,s1,test_a01
5,5,t7-20221205-0426_jpg.rf.d52c0f1120b4ea777a91eed8b284af10,s1,test_a01
10,11,t7-20221205-0456_jpg.rf.836e09ac2067ca8e051d3d2b4b5e8ee3,s1,test_a01
9,10,t7-20221205-0526_jpg.rf.f49154d5197d9e49faab7b4e4a9c9640,s1,test_a01
6,8,t7-20221205-0556_jpg.rf.d17526d408788809523c5e181148837d,s1,test_a01
5,6,t7-20221205-0626_jpg.rf.7a2d1084cb65f6bc890bae0c9e4abe73,s1,test_a01
8,9,t7-20221205-0656_jpg.rf.03dced856c4ee5b974fdab11411a5003,s1,test_a01
4,6,t7-20221205-0726_jpg.rf.1a0207ddaec26077b4e0cbda7cdd91b1,s1,test_a01
4,4,t7-20221205-0756_jpg.rf.a361c9c46fc4f349fc16267c26b61ef4,s1,test_a01
4,4,t7-20221205-0826_jpg.rf.183c381b5c878ede3fe68680f4b51d2a,s1,test_a01
2,2,t7-20221205-0856_jpg.rf.915e6a2fbdff5cdbf22bfc60c247589a,s1,test_a01
2,1,t7-20221205-0926_jpg.rf.b4951386306a6b62b11f395c3c62883b,s1,test_a01
6,6,t7-20221205-0956_jpg.rf.ae5954fa1f458403606a8e34e0753c18,s1,test_a01
7,7,t7-20221205-1026_jpg.rf.2b9db54a20d7981666fb7647d6cccea1,s1,test_a01
5,5,t7-20221205-1056_jpg.rf.3cc6cbb565723b6bebc2c4cc4603a080,s1,test_a01
4,4,t7-20221205-1126_jpg.rf.84d18e02358eaa5232de4476d1455dc1,s1,test_a01
8,9,t7-20221205-1156_jpg.rf.09254ae46555fec4891b49fc71220fa9,s1,test_a01
6,8,t7-20221205-1226_jpg.rf.806bc1c8554e80255d105f6eabba762a,s1,test_a01
6,6,t7-20221205-1256_jpg.rf.b4866600358ee037008c23ceac3843b6,s1,test_a01
0,1,t8-20221205-1429_jpg.rf.e5c195cf6cba00f6d15bae73eb488167,s1,test_a01
0,3,t8-20221205-1459_jpg.rf.e7ca30a54cbb1d2b413e48cdc2c249df,s1,test_a01
4,4,t8-20221205-1529_jpg.rf.5c20af74583d79b00d0f27c3f0ff168f,s1,test_a01
8,8,t8-20221205-1559_jpg.rf.d48d93db9088fe5fd09f96bd965e095d,s1,test_a01
12,12,t8-20221205-1629_jpg.rf.58a97491542399fbdce18cf36665c56c,s1,test_a01
6,6,t8-20221205-1659_jpg.rf.b5a10cd7e808d07e8e967b743b531563,s1,test_a01
7,7,t8-20221205-1729_jpg.rf.57776018cc88db1c76a9ff9a4d501d0e,s1,test_a01
4,4,t8-20221205-1759_jpg.rf.1f231ee41bae24eed1b7d3905f2afb30,s1,test_a01
6,6,t8-20221205-1829_jpg.rf.f3d23d7e2818a6362453b61cb1f3dcee,s1,test_a01
3,3,t8-20221205-1859_jpg.rf.8833e88bcc3bd6ee85e001e16ab92091,s1,test_a01
5,5,t8-20221205-1929_jpg.rf.e8d538db0f4da8a4f3dab6c62d6461b5,s1,test_a01
4,4,t8-20221205-1959_jpg.rf.8de26c9cff487d0cccb7c8c1990ce264,s1,test_a01
4,4,t8-20221205-2029_jpg.rf.ea5b34cee094419adcdda672ad1b1fd2,s1,test_a01
3,3,t8-20221205-2059_jpg.rf.a9e31dfb7ce5bc040c1a6416d4bbb435,s1,test_a01
1,1,t8-20221205-2129_jpg.rf.6dbf47e1edf1e58ff708708770dc64c8,s1,test_a01
4,4,t8-20221205-2159_jpg.rf.206eea7f7606c9881b7e791d6b1538aa,s1,test_a01
1,1,t8-20221205-2229_jpg.rf.ea3a0e010c61d2da4d9af8c3d0e6f3a3,s1,test_a01
4,4,t8-20221205-2259_jpg.rf.87c526521611b637a611642f3c3c3224,s1,test_a01
2,2,t8-20221205-2329_jpg.rf.b9610d8779d8045f0774abf76d09ff1e,s1,test_a01
2,2,t8-20221205-2359_jpg.rf.dd20b4797a6beb8b80445ec271c20443,s1,test_a01
1,1,t8-20221206-0029_jpg.rf.dc8007f8c0a1315c1ad5d1dec34a08ea,s1,test_a01
2,2,t8-20221206-0059_jpg.rf.62212e8a4b05b875b39368440d7f6eff,s1,test_a01
2,2,t8-20221206-0129_jpg.rf.669760e10de358ca9953a068e8a2fef4,s1,test_a01
2,2,t8-20221206-0159_jpg.rf.39fc26887e1496ccd3f97df9de45738f,s1,test_a01
5,5,t8-20221206-0229_jpg.rf.338fde8fa18cd34106e18fe61f82120d,s1,test_a01
6,6,t8-20221206-0259_jpg.rf.f4aee4cfce329223e7867cf9ce931b5a,s1,test_a01
2,2,t8-20221206-0329_jpg.rf.adc185b0b26d5a37eb7ca9654d1dcd0e,s1,test_a01
2,2,t8-20221206-0359_jpg.rf.34f2fcba62aa3c13ee034ed263b945cc,s1,test_a01
6,6,t8-20221206-0429_jpg.rf.6c21116d22cd33b96553961ee0416d2a,s1,test_a01
1,1,t8-20221206-0459_jpg.rf.fed405fef2c29027e2724dd5f46443b5,s1,test_a01
2,2,t8-20221206-0529_jpg.rf.8d36fe18a9aed0660d871d1872c4af4f,s1,test_a01
1,1,t8-20221206-0559_jpg.rf.49800969fc8e7af4d8cfa10ea2e4d209,s1,test_a01
1,1,t8-20221206-0629_jpg.rf.eabb1adc649088d66c9b1d318e851ad8,s1,test_a01
2,2,t8-20221206-0659_jpg.rf.3996b435071458749f3cba4cd392fe5b,s1,test_a01
1,1,t8-20221206-0729_jpg.rf.79fd47dc664908318f7387dbc7830aea,s1,test_a01
3,3,t8-20221206-0759_jpg.rf.6a2708ef0962396b94308ce3c339a5c6,s1,test_a01
4,4,t8-20221206-0829_jpg.rf.b6e9e7cf36b0bbd7e7aed8fb9862a99f,s1,test_a01
3,3,t8-20221206-0929_jpg.rf.058ea20ec4194a530eb5e4f25d2d4b97,s1,test_a01
1,1,t8-20221206-0959_jpg.rf.b45f281b98064c81733c281f168ccc99,s1,test_a01
1,1,t8-20221206-1029_jpg.rf.12bcfcb6398a1e80737749889060c409,s1,test_a01
2,2,t8-20221206-1059_jpg.rf.993aa5dc7c042211a55a755ec43cfe66,s1,test_a01
2,2,t8-20221206-1129_jpg.rf.53b246e741d2b46502b197c40019cc3e,s1,test_a01
2,1,t8-20221206-1159_jpg.rf.972d98101ca4cdeb769ca506caee4976,s1,test_a01
1,1,t8-20221206-1229_jpg.rf.909113b88e1d252a4b7d3b41eed6a737,s1,test_a01
1,1,t8-20221206-1259_jpg.rf.d605bfb10665af882a1ce660e600cd96,s1,test_a01
2,2,t8-20221206-1329_jpg.rf.36b5b9e00377e4cccee0caf2f65bbd20,s1,test_a01
0,2,t9-20221205-1428_jpg.rf.bdb1404af0bd5b7c5831795b53b9cf61,s1,test_a01
1,2,t9-20221205-1458_jpg.rf.af2b77ec3d3fc632cabcd4c50c647076,s1,test_a01
1,2,t9-20221205-1528_jpg.rf.8ae543dc2de87d31f6e73f970738b5cd,s1,test_a01
2,4,t9-20221205-1558_jpg.rf.1d2b44f559a7adf259feb4a14f01978e,s1,test_a01
0,2,t9-20221205-1628_jpg.rf.ae3bc780c619d3cb6a0b7a4e7060e594,s1,test_a01
0,1,t9-20221205-1658_jpg.rf.5438849d8f74bbf2e5b6c8314b85090d,s1,test_a01
0,2,t9-20221205-1728_jpg.rf.96ed050347a3fc76564b57089844862b,s1,test_a01
0,2,t9-20221205-1758_jpg.rf.f1788904b1f4c3deb2ed6e25be717218,s1,test_a01
0,2,t9-20221205-1828_jpg.rf.1a712ccd86a7edec1436abb6d9817fdc,s1,test_a01
0,2,t9-20221205-1858_jpg.rf.354ef0ff2a81aa726cb0c0aded74e1a6,s1,test_a01
0,1,t9-20221205-1928_jpg.rf.1e309263b523a85af7081a277e087cdb,s1,test_a01
2,3,t9-20221205-1958_jpg.rf.ecd305b67d75d07858d12eb1350723ba,s1,test_a01
1,2,t9-20221205-2028_jpg.rf.af1d3faf0880de53495742b83b0e5b36,s1,test_a01
3,5,t9-20221205-2058_jpg.rf.a69c41c3efa2e53a5f92b2b88457b4dc,s1,test_a01
3,6,t9-20221205-2128_jpg.rf.ae99abbbc7b7bd1b1c9842232253f02b,s1,test_a01
4,6,t9-20221205-2158_jpg.rf.adabdc40399a54dc4338e0334cec1c71,s1,test_a01
8,10,t9-20221205-2228_jpg.rf.a7062b1a83563761223905c662957f79,s1,test_a01
19,23,t9-20221205-2258_jpg.rf.8a971e5d4253a1435b3ab4a4d2599cb5,s1,test_a01
24,29,t9-20221205-2328_jpg.rf.ce57af60552781c2ce7ed950c3d8e418,s1,test_a01
11,14,t9-20221205-2358_jpg.rf.e7bde90719ff9250a7b831b4b4ee642f,s1,test_a01
7,8,t9-20221206-0028_jpg.rf.c3e0d4a296b232c339b3f6697ea38881,s1,test_a01
13,15,t9-20221206-0058_jpg.rf.d57c7949d4548f713d896a8d8219aa78,s1,test_a01
9,11,t9-20221206-0128_jpg.rf.f41763f4d1690af87600cf448d14d55b,s1,test_a01
19,22,t9-20221206-0158_jpg.rf.32d753cf6aedc2ca36903dc5c9b71bf2,s1,test_a01
12,15,t9-20221206-0228_jpg.rf.719af3677c687f83dbf01c04d97d1cdf,s1,test_a01
8,11,t9-20221206-0258_jpg.rf.29a073533b1dc32eeb2bd31c0e7ee00b,s1,test_a01
4,7,t9-20221206-0328_jpg.rf.c40569f3ccc673e530e47ec327d7a5b9,s1,test_a01
1,3,t9-20221206-0358_jpg.rf.5024370f7aa4df178d348e5627f69ac4,s1,test_a01
9,11,t9-20221206-0428_jpg.rf.a43f27f1d3cfee116c44d2e2af6594f2,s1,test_a01
4,6,t9-20221206-0458_jpg.rf.bc51d7597f3c490dabb92ab78b37f62d,s1,test_a01
7,9,t9-20221206-0528_jpg.rf.cad581cc20a9cfea6b0df2a71037a867,s1,test_a01
6,9,t9-20221206-0558_jpg.rf.623f25e26eb1bc90e63db6c17160a912,s1,test_a01
6,8,t9-20221206-0628_jpg.rf.c4a55ef2ae8d9c4654cbad12992eac13,s1,test_a01
4,6,t9-20221206-0658_jpg.rf.8322e1e753d0feff0f4e00494f095891,s1,test_a01
4,6,t9-20221206-0728_jpg.rf.a61d23296c5016c86cc2cf73ec54e480,s1,test_a01
5,7,t9-20221206-0758_jpg.rf.cceba26c5335c2ea6e739c7b5fd14321,s1,test_a01
5,7,t9-20221206-0828_jpg.rf.881b7b45c5b9780bce401954693376ab,s1,test_a01
7,9,t9-20221206-0858_jpg.rf.d5126bf5228947d29041050079875ba4,s1,test_a01
4,6,t9-20221206-0928_jpg.rf.c4bc2ed8eee6697ce15ca6cb0b0d6be2,s1,test_a01
2,4,t9-20221206-0958_jpg.rf.d12e0c98adb468ecc32759510b6a3e03,s1,test_a01
4,7,t9-20221206-1028_jpg.rf.7eeb56797853c23fefbcf949306c9c7d,s1,test_a01
1,3,t9-20221206-1058_jpg.rf.153c5dfb59cd04fe968149800fb717b6,s1,test_a01
1,2,t9-20221206-1128_jpg.rf.7738e0027f14bfe11538cc3d6c694634,s1,test_a01
3,5,t9-20221206-1158_jpg.rf.7aa7da9a3e5b54cf09e384965a0a37e7,s1,test_a01
0,2,t9-20221206-1228_jpg.rf.db5b5d079a9ee7af72fb340b073137d1,s1,test_a01
3,5,t9-20221206-1258_jpg.rf.1ff33d29530473522ffe8bfde4cac500,s1,test_a01
3,3,t9-20221206-1328_jpg.rf.f3b783ac0fa85e1f2359f4529e3d75ed,s1,test_a01
4,4,t9-20221206-1358_jpg.rf.c6d27de571ead79d0b8b0a09ed41c3ac,s1,test_a01
3,3,t9-20221206-1435_jpg.rf.5da60e076bd3814f7c38e9eac02c638e,s1,test_a01
4,5,t9-20221206-1505_jpg.rf.2a496f6757e8f48efadda57466dddb90,s1,test_a01
6,8,t9-20221206-1535_jpg.rf.2d23343a823edc2b4bb335082a55e38f,s1,test_a01
2,3,t9-20221206-1605_jpg.rf.4fa5e7f521d44fef1c3110d79075b60e,s1,test_a01
3,4,t9-20221206-1635_jpg.rf.742076c9730a14c76626e0b7f4059f64,s1,test_a01
5,6,t9-20221206-1705_jpg.rf.61626d1aeafb481223e05f75d0401cdd,s1,test_a01
4,5,t9-20221206-1735_jpg.rf.d820eaaa81620f7b1a74b0ba32fd62c0,s1,test_a01
4,5,t9-20221206-1805_jpg.rf.c8d1ae63d1ac94ff07e13fae76603fe2,s1,test_a01
1,2,t9-20221206-1835_jpg.rf.a3945191cb4e2072298b709517c90a10,s1,test_a01
4,5,t9-20221206-1905_jpg.rf.be14ff76a2191c15bd29cfb5a084dc9b,s1,test_a01
5,6,t9-20221206-1935_jpg.rf.5a343d75f39a666b414e3e00b42ed1d7,s1,test_a01
6,7,t9-20221206-2005_jpg.rf.0c2f9345558661e3cd881bdb787a4f54,s1,test_a01
6,7,t9-20221206-2035_jpg.rf.013898a1e7966dd65f0ab00f354c14c0,s1,test_a01
4,5,t9-20221206-2105_jpg.rf.136170b38c3d447ea0025de0a8f11810,s1,test_a01
2,6,t9-20221206-2135_jpg.rf.b3412e1d49aa06bed317c25423a8b6f2,s1,test_a01
2,3,t9-20221206-2205_jpg.rf.b5b8dbe0dcb2a27e05991d8bef715c52,s1,test_a01
5,8,t9-20221206-2235_jpg.rf.b3bca7029a81923ba7cfd746a5b17f3c,s1,test_a01
5,6,t9-20221206-2305_jpg.rf.736fc1f7c417367797479425835afc58,s1,test_a01
2,3,t9-20221206-2335_jpg.rf.00acd93fb167454cb6c83b59aa11813c,s1,test_a01
6,8,t9-20221207-0005_jpg.rf.6644df4cce21964676417631353fe9f9,s1,test_a01
5,7,t9-20221207-0035_jpg.rf.27b14b6dce4229ed509835c8f7c55fd4,s1,test_a01
5,6,t9-20221207-0105_jpg.rf.777d37e2af7f60e68a00685e72401a3f,s1,test_a01
1,2,t9-20221207-0135_jpg.rf.7f5c31293391caaae4247caf31b63d22,s1,test_a01
1,2,t9-20221207-0205_jpg.rf.7ba7a0acff8fe29e3b71236434fdb155,s1,test_a01
1,3,t9-20221207-0235_jpg.rf.a9a84adc85dfa0c77ff493fe53d36e0e,s1,test_a01
0,1,t9-20221207-0305_jpg.rf.1bbb0f66c65f61bb13c51f2c7002e862,s1,test_a01
4,5,t9-20221207-0335_jpg.rf.3bd39f85a34279f9dab10fbf52d6cc24,s1,test_a01
1,2,t9-20221207-0405_jpg.rf.0dcc80c060ecba3384c8b4d357148a97,s1,test_a01
2,3,t9-20221207-0435_jpg.rf.0a239c22a5d42bab73ee2f456a4a5879,s1,test_a01
3,4,t9-20221207-0505_jpg.rf.5178af36fbf2bc087c8eacaa5e6d903c,s1,test_a01
1,3,t9-20221207-0535_jpg.rf.fb0a86c1523a5baa44e3d9f9a11c9e7c,s1,test_a01
1,2,t9-20221207-0605_jpg.rf.49043804434443e4dc51f21f5e9e4863,s1,test_a01
5,6,t9-20221207-0635_jpg.rf.f869d9048dd7e174a7c15a5c9a7f5bea,s1,test_a01
2,3,t9-20221207-0705_jpg.rf.8eed0916505fee43fb95528bbce71734,s1,test_a01
0,5,t9-20221207-0735_jpg.rf.568f02ea7b01fe164bb569e89478225f,s1,test_a01
1,2,t9-20221207-0805_jpg.rf.2b19ac6b2f570bf4dd1a183d7b681e3a,s1,test_a01
4,5,t9-20221207-0835_jpg.rf.fad556bbd850e61e5cdf389da367c104,s1,test_a01
2,3,t9-20221207-0905_jpg.rf.efed9f43a47a5e1bf423308129530ca4,s1,test_a01
3,4,t9-20221207-0935_jpg.rf.830cec996abc5a4e51b519f0841a7230,s1,test_a01
3,4,t9-20221207-1005_jpg.rf.f563964c477709c870285ac09ffa8b05,s1,test_a01
2,4,t9-20221207-1035_jpg.rf.d4cf5c1672696d724ccc920a091ffd0e,s1,test_a01
3,4,t9-20221207-1105_jpg.rf.d9bdbdd90f9f7f14bf1746631654e803,s1,test_a01
3,4,t9-20221207-1135_jpg.rf.d3d3551768b4bf1c362296f33bc13fd1,s1,test_a01
1,1,t9-20221207-1205_jpg.rf.c72584ad67f313dbcf6306f4bb3780d9,s1,test_a01
2,3,t9-20221207-1235_jpg.rf.c9b92f993f053dd68fb6075692299ea0,s1,test_a01
0,1,t9-20221207-1305_jpg.rf.8f19bb5d7eb1efbbc01b7ea52b0d3208,s1,test_a01
1,1,t9-20221207-1335_jpg.rf.35a7549611222703a3ac5de0f8468f9a,s1,test_a01
1,1,t9-20221207-1405_jpg.rf.52f23881cedfe3d73944648c55a6c699,s1,test_a01
0,1,t9-20221207-1435_jpg.rf.762ab820747e992bbe5e0b30381c7954,s1,test_a01
1,2,t9-20221207-1505_jpg.rf.52570dd701ec6c083f6cccc8612d933f,s1,test_a01
1,4,t9-20221207-1535_jpg.rf.58571c90f593dfd6dfc14e082c870e57,s1,test_a01
2,2,t9-20221207-1605_jpg.rf.ee8526db01bbc7b27fa0deb54cba273a,s1,test_a01
0,2,t9-20221207-1635_jpg.rf.4dfaea53f2755ae43080d94007b89a0d,s1,test_a01
1,1,t9-20221207-1705_jpg.rf.43d59f8cc6bb6d59985540c8741a0c09,s1,test_a01
2,3,t9-20221207-1735_jpg.rf.22eb4d7741d5113ae5b61540f26d4086,s1,test_a01
1,2,t9-20221207-1805_jpg.rf.1810514ecc6e617bde7fbe606a61da5a,s1,test_a01
0,3,t9-20221207-1835_jpg.rf.a47c49e17db4571f302bfd9a1f656635,s1,test_a01
0,2,t9-20221207-1905_jpg.rf.be49ed6a8e1a2ea19767444db1e6155f,s1,test_a01
2,5,t9-20221207-1935_jpg.rf.65acb6fd711d2a5d21c513d45356d1d0,s1,test_a01
1,2,t9-20221207-2005_jpg.rf.e3e06e06f05e07e8a3e3f43471dda492,s1,test_a01
0,2,t9-20221207-2035_jpg.rf.72afe8ffda1668150246f576027ab4f2,s1,test_a01
0,3,t9-20221207-2105_jpg.rf.3ea5fbaa5963a00f3e25667ad57fbefc,s1,test_a01
0,2,t9-20221207-2135_jpg.rf.97c717eb490fbdcd951d2dd28b00f756,s1,test_a01
1,2,t9-20221207-2205_jpg.rf.0c436c513c31d2a9151d73c877be5ffb,s1,test_a01
0,2,t9-20221207-2235_jpg.rf.5d9b1d752670c527cd573d92be603b29,s1,test_a01
1,1,t9-20221207-2305_jpg.rf.b732b475b6edab946627312537ed519d,s1,test_a01
0,1,t9-20221207-2335_jpg.rf.6790d665cf8face0b1bed4474b61c3f5,s1,test_a01
2,2,t9-20221208-0005_jpg.rf.bdf6688c832d47278c6b231b2bdae159,s1,test_a01
0,1,t9-20221208-0035_jpg.rf.498739d896e136b686fb6bf2dae20073,s1,test_a01
0,1,t9-20221208-0105_jpg.rf.28888e68e1aedcd98de8e6cd6b3f45d0,s1,test_a01
0,2,t9-20221208-0135_jpg.rf.797c56d88b0106f9a6ff1e206f7cd12c,s1,test_a01
1,1,t9-20221208-0205_jpg.rf.52f34677ffbde072003503850f6a54db,s1,test_a01
0,1,t9-20221208-0235_jpg.rf.e85903544469509a60383e1dca908751,s1,test_a01
0,1,t9-20221208-0305_jpg.rf.ce366e9df48b5cc5711887a3bf9ab883,s1,test_a01
1,2,t9-20221208-0335_jpg.rf.c3d5d13dd2d02dfa61d8c2c456424aa4,s1,test_a01
2,2,t9-20221208-0405_jpg.rf.7ef118c01861acfb085b1f8d0a62fd06,s1,test_a01
1,2,t9-20221208-0435_jpg.rf.27e317ccedb12157dec676229bf47bf9,s1,test_a01
0,2,t9-20221208-0505_jpg.rf.dcc3111e5b6f2460be47dafcec5711b0,s1,test_a01
0,3,t9-20221208-0535_jpg.rf.a529aa3522738b0adf0b00043aad0121,s1,test_a01
1,2,t9-20221208-0605_jpg.rf.185c4c6bf6b04bb593d4ea10a2e7fc62,s1,test_a01
0,2,t9-20221208-0635_jpg.rf.cef905e5aa4bcf73b23145408019b70e,s1,test_a01
0,2,t9-20221208-0705_jpg.rf.48a72fb603fbc51fa63a47c2026668e5,s1,test_a01
0,2,t9-20221208-0735_jpg.rf.811c0b9bf5948bff08bd8b8e394a6f5b,s1,test_a01
1,3,t9-20221208-0805_jpg.rf.043fb493b479b000396f8c0991c311d3,s1,test_a01
3,3,t9-20221208-0835_jpg.rf.cbe83dca39c064a2f35ff7733d3d3937,s1,test_a01
1,1,t9-20221208-0905_jpg.rf.b0e38dffc5f220a951094c249094b4ac,s1,test_a01
1,2,t9-20221208-0935_jpg.rf.34ced9f362fb4a5b8dc2728bbff39770,s1,test_a01
0,1,t9-20221208-1005_jpg.rf.905496ba5c0e1399bd56e9d124d495fa,s1,test_a01
1,3,t9-20221208-1035_jpg.rf.fced5d1cd00325f40671a4111e677003,s1,test_a01
0,1,t9-20221208-1105_jpg.rf.0a98e889d01f08f16439d8b742578283,s1,test_a01
1,2,t9-20221208-1135_jpg.rf.0290b68b80ba86410fcd50f409537d52,s1,test_a01
0,2,t9-20221208-1205_jpg.rf.8c4bd338cfe971259d3a183431c400b4,s1,test_a01
0,2,t9-20221208-1235_jpg.rf.fad1521c67a039e3a04f52f06c4fc1b4,s1,test_a01
0,2,t7-20221222-0807_jpg.rf.1e730d81c194587e72383d13d9e78bb6,s1,test_a02
18,21,t7-20221222-0837_jpg.rf.e2e13034fca733f6af55ace27e61f664,s1,test_a02
17,22,t7-20221222-0907_jpg.rf.c1a0dbf711cb29b04446701d30828fff,s1,test_a02
25,30,t7-20221222-0937_jpg.rf.c49bb0ac9d04df399194dc3049b0749b,s1,test_a02
24,27,t7-20221222-1007_jpg.rf.67e1ec4005f0afebade11a2a70f5720d,s1,test_a02
12,15,t7-20221222-1037_jpg.rf.c94a8ddff2702459c4d64ad3858b3a30,s1,test_a02
9,11,t7-20221222-1107_jpg.rf.04f11d4e5ad04dc39c6cccc16ce51182,s1,test_a02
10,11,t7-20221222-1137_jpg.rf.cd2f5fbdc2878b5d5fb9a760023b44f9,s1,test_a02
8,12,t7-20221222-1207_jpg.rf.f4beb08c448617c58f371abc74ea47c9,s1,test_a02
10,13,t7-20221222-1237_jpg.rf.04a274d988f80d8d0ff6d3d6c92f699d,s1,test_a02
9,12,t7-20221222-1307_jpg.rf.f8e79c3af00abed772488ede91b89612,s1,test_a02
0,1,t7-20221222-1337_jpg.rf.81a61bafc39db4359a6259a86185ec97,s1,test_a02
6,9,t7-20221222-1407_jpg.rf.46e65302a0ad76e1153017ddd02b8447,s1,test_a02
5,7,t7-20221222-1437_jpg.rf.1e158fe23ee48ec6555d2d3c7762a026,s1,test_a02
7,8,t7-20221222-1507_jpg.rf.e1ab4f7cba4d0a29577dd90bfc204627,s1,test_a02
2,7,t7-20221222-1537_jpg.rf.652baa7842e985e2d9806a74ddeb95b4,s1,test_a02
4,6,t7-20221222-1607_jpg.rf.2aa5e68c206191d9230a16b8b27f1edb,s1,test_a02
2,4,t7-20221222-1637_jpg.rf.b0363244fd4273a163f329dc1cf1549d,s1,test_a02
2,3,t7-20221222-1707_jpg.rf.0b4d58aad6342b3b401d8ece1ded906c,s1,test_a02
1,3,t7-20221222-1737_jpg.rf.3b1f4569d28d3dc2294bc37fad904a85,s1,test_a02
4,7,t7-20221222-1807_jpg.rf.3b3168e90f99c3e56ee794542d8e4b7d,s1,test_a02
3,6,t7-20221222-1837_jpg.rf.878102d8d8445e121d22762fb7952cef,s1,test_a02
4,5,t7-20221222-1907_jpg.rf.c7e9406424a44c7592e01aeb259a13a4,s1,test_a02
2,3,t7-20221222-1937_jpg.rf.af71b0438d2ea190aacadd0bc63607f9,s1,test_a02
1,4,t7-20221222-2007_jpg.rf.223203984ee4c437549e6944b386d6b7,s1,test_a02
4,7,t7-20221222-2037_jpg.rf.b83f9d50b70feb37d31e8adc3cb3f51f,s1,test_a02
3,7,t7-20221222-2107_jpg.rf.f885c816f58bba63e6663ac8ee7f87a2,s1,test_a02
0,1,t7-20221222-2137_jpg.rf.82ed1a3d06cfb1535f90c1858f6df2d2,s1,test_a02
1,2,t7-20221222-2207_jpg.rf.9641f15ab1538812d1a22ffdffb059bb,s1,test_a02
4,5,t7-20221222-2237_jpg.rf.2f05099930502f3a9e7670d5cc9221be,s1,test_a02
2,3,t7-20221222-2307_jpg.rf.be415357089fc66a404994cb95aefe59,s1,test_a02
4,7,t7-20221222-2337_jpg.rf.ff92b9ec5411a51cd49a0a588d0e75e6,s1,test_a02
2,3,t7-20221223-0007_jpg.rf.8280ceb9f2dc8d2bf59f27faf1c24d8b,s1,test_a02
1,3,t7-20221223-0037_jpg.rf.ab329538d81d482cd4f70a8e3ab7ff48,s1,test_a02
4,6,t7-20221223-0107_jpg.rf.10ace3b89c1fa04e3c817ba9620ba5c1,s1,test_a02
3,5,t7-20221223-0137_jpg.rf.35c4d9d1281b8e72b17e534ef16c37e7,s1,test_a02
2,3,t7-20221223-0207_jpg.rf.2cfa23ab245248cb5076e4b34456ba86,s1,test_a02
8,10,t7-20221223-0237_jpg.rf.7f33d9d4bcd0e3d82173564efd7da193,s1,test_a02
1,3,t7-20221223-0307_jpg.rf.872c0bb16f3927371ec7ef93477b8801,s1,test_a02
1,4,t7-20221223-0337_jpg.rf.06a47a8ddf734a6311257849a9ebe83a,s1,test_a02
1,3,t7-20221223-0407_jpg.rf.a4ba3d3db32a2f8c27dd5a9c98afa44d,s1,test_a02
1,3,t7-20221223-0437_jpg.rf.be3d3bcc89a6b1aaf3e10beab4935f19,s1,test_a02
2,4,t7-20221223-0507_jpg.rf.fd0bef533012795a8b7fa4d182d09df6,s1,test_a02
2,3,t7-20221223-0537_jpg.rf.83306568eae4019cfbfc682a880a53e2,s1,test_a02
3,4,t7-20221223-0607_jpg.rf.58dd844cab3b16c3e49660dcd584d645,s1,test_a02
2,4,t7-20221223-0637_jpg.rf.93a886b3d8ca34440a7feb0816e4d49e,s1,test_a02
2,4,t7-20221223-0707_jpg.rf.2d85a1bc600511d5084f40d52c3b8e8d,s1,test_a02
2,3,t7-20221223-0737_jpg.rf.03c0f6b0f95136c6d69a9d6649756433,s1,test_a02
3,5,t7-20221223-0807_jpg.rf.23670c2c666c2a12e19634bf0059a7b4,s1,test_a02
3,3,t7-20221223-0837_jpg.rf.036a897a5b20fa30e59ec159a6ee64cf,s1,test_a02
3,4,t7-20221223-0907_jpg.rf.32df435f98417c8f0de85923e7e5039e,s1,test_a02
0,1,t7-20221223-0937_jpg.rf.3dff2be5f557a761d284f02ea0bc4598,s1,test_a02
2,2,t7-20221223-1007_jpg.rf.260319d9006038e4c387d0f633141219,s1,test_a02
3,5,t7-20221223-1037_jpg.rf.f6cc40148c7c6cd553b7db2cf04b00ac,s1,test_a02
3,4,t7-20221223-1107_jpg.rf.c9d56e834ac9bba2930b75f1e1bb3f3a,s1,test_a02
1,1,t7-20221223-1137_jpg.rf.28cbda2203cf9374ae77a022236fda10,s1,test_a02
1,3,t7-20221223-1207_jpg.rf.3f9c9eaef0c71385f98d0a65598ae5a7,s1,test_a02
5,7,t7-20221223-1237_jpg.rf.0dcd96bb9f88af81dbf1c65214a7a346,s1,test_a02
8,9,t7-20221223-1307_jpg.rf.9ff7bfe3bb2db28ca2b8823d5c0eccb8,s1,test_a02
2,3,t7-20221223-1337_jpg.rf.d149612f249a475ad69f82b257bdd45c,s1,test_a02
3,5,t7-20221223-1407_jpg.rf.ae81c30c6ac5ac07d175d4efddebe854,s1,test_a02
3,4,t7-20221223-1436_jpg.rf.01d831fc09f30fac4e4451991e4ce463,s1,test_a02
1,1,t7-20221223-1506_jpg.rf.41c6a87b0a25f8b3e501b7964ef48b3f,s1,test_a02
3,4,t7-20221223-1536_jpg.rf.b009d9d41faf8a7226eb5b392801683f,s1,test_a02
0,1,t7-20221223-1606_jpg.rf.978635355398243a2305f8b8922add44,s1,test_a02
1,2,t7-20221223-1636_jpg.rf.5085734067ee8a284bc550e04f98b450,s1,test_a02
2,3,t7-20221223-1706_jpg.rf.f0e8b4a1545ac9ee07a5d295050c9b91,s1,test_a02
5,5,t7-20221223-1736_jpg.rf.3e6a4701a6f5ef8fa977eeac7b4bb726,s1,test_a02
2,5,t7-20221223-1806_jpg.rf.65fc7fa1002923e9e34ba6b87a01e19d,s1,test_a02
0,1,t7-20221223-1836_jpg.rf.563b46809491b3117145e6249ba0b58b,s1,test_a02
3,4,t7-20221223-1906_jpg.rf.791297c075541bf894b161093434fe3b,s1,test_a02
3,4,t7-20221223-1936_jpg.rf.9cf2ab576b1539861af1d8cb3c7074ba,s1,test_a02
2,2,t7-20221223-2006_jpg.rf.a63274c8a4c41f83a8af9599a2a77780,s1,test_a02
2,2,t7-20221223-2036_jpg.rf.7bc9b3dde646672d0cdae9320790334d,s1,test_a02
2,3,t7-20221223-2106_jpg.rf.365d05b75ac64c8a9c77b0af5ab98749,s1,test_a02
2,3,t7-20221223-2136_jpg.rf.03edecf0087b30b94042341a7a6e92f8,s1,test_a02
2,3,t7-20221223-2206_jpg.rf.bf29d20f60779799c45612d76bb14c1c,s1,test_a02
4,4,t7-20221223-2236_jpg.rf.955e734be376b34ba21bbaacec1cffa1,s1,test_a02
7,7,t7-20221223-2306_jpg.rf.fb2b9a5566cde3ed4f990017719b4d1c,s1,test_a02
2,2,t7-20221223-2336_jpg.rf.017a9108a593438c1f3230afa3af197e,s1,test_a02
4,5,t7-20221224-0006_jpg.rf.f2cebf1bc96788c4699e570333d0c515,s1,test_a02
2,3,t7-20221224-0036_jpg.rf.d66643cd5288616c34862b5d223be16b,s1,test_a02
3,4,t7-20221224-0106_jpg.rf.707ddbc676f43469dd93b5d5fbbcfb60,s1,test_a02
5,6,t7-20221224-0136_jpg.rf.557a38a5cb91e9904833c3e3021789a6,s1,test_a02
2,4,t7-20221224-0206_jpg.rf.e4ef5809d1bff9018417aa45fc25a639,s1,test_a02
6,7,t7-20221224-0236_jpg.rf.d40692c3c5ef301c45f03504da4a406b,s1,test_a02
8,10,t7-20221224-0306_jpg.rf.d8ed64e0ee7423297fbd3ecf111ff766,s1,test_a02
4,5,t7-20221224-0336_jpg.rf.9c086063711060ff2cef184215a1e3b0,s1,test_a02
4,5,t7-20221224-0406_jpg.rf.a2655cbb33691eed73824d6b0d08c644,s1,test_a02
3,3,t7-20221224-0436_jpg.rf.83a1d01eba1c24826a5f196c8e05bd00,s1,test_a02
2,2,t7-20221224-0506_jpg.rf.60a89f936b464a572733c1b6243d006a,s1,test_a02
4,5,t7-20221224-0536_jpg.rf.f5c45394123297372a548c4fdeb9b494,s1,test_a02
2,3,t7-20221224-0606_jpg.rf.d5fa6905a11d887664f48fddeb90e614,s1,test_a02
1,1,t7-20221224-0636_jpg.rf.0927c226b0a12a821a773068bb27a157,s1,test_a02
3,3,t7-20221224-0706_jpg.rf.988bc24ce0db23352c1e464e35ac222e,s1,test_a02
5,6,t7-20221224-0736_jpg.rf.7d1c96248ba2794282a97aab4d3f9686,s1,test_a02
4,4,t7-20221224-0806_jpg.rf.f6be0030bf70c3b5c9f5221c14185463,s1,test_a02
2,2,t7-20221224-0836_jpg.rf.74259646ea2d2c531e06ac4c42e7bbc1,s1,test_a02
2,2,t7-20221224-0906_jpg.rf.284c892b11f46d8d71835296938facc9,s1,test_a02
1,2,t7-20221224-0936_jpg.rf.1844f00a3e5a6b3daf730132580ad7be,s1,test_a02
2,3,t7-20221224-1006_jpg.rf.3b9285890381c4a411f6b6f5b4679d0b,s1,test_a02
5,6,t7-20221224-1036_jpg.rf.c932ebb59ccc54f9d1aaa8503f03736f,s1,test_a02
3,4,t7-20221224-1106_jpg.rf.a5b37289a877fbe17e1eceda9c4aa72a,s1,test_a02
4,4,t7-20221224-1136_jpg.rf.9851446a3ca1d1c876707296a91b2402,s1,test_a02
2,6,t7-20221224-1206_jpg.rf.5cd08ee380a3c50822ac2300cbd74c3f,s1,test_a02
3,3,t7-20221224-1236_jpg.rf.1b91951fce54efe24f350fbb786ca0ac,s1,test_a02
5,7,t7-20221224-1306_jpg.rf.0a7048bc723c8bd0d1b5e01629b171a3,s1,test_a02
4,4,t7-20221224-1336_jpg.rf.93deec9f07bb38b46e5a27e0852857d0,s1,test_a02
3,8,t7-20221224-1406_jpg.rf.eb49298bd10de19d61083312b57876d6,s1,test_a02
4,4,t7-20221224-1436_jpg.rf.c70a5aa6be1e376badf1c5552e5d9379,s1,test_a02
4,4,t7-20221224-1506_jpg.rf.4af92036a902b922980b839c9d52472b,s1,test_a02
6,10,t7-20221224-1536_jpg.rf.de0f969b7c53af59f9cf39e3352663fc,s1,test_a02
6,6,t7-20221224-1606_jpg.rf.fe801c448e7738394d86e2a36c918ce8,s1,test_a02
6,8,t7-20221224-1636_jpg.rf.6ccd238ee8049a0c40935a6215cf26f1,s1,test_a02
4,5,t7-20221224-1706_jpg.rf.e5eb80086fbe6553adf494e5d9de7a0f,s1,test_a02
3,3,t7-20221224-1736_jpg.rf.aa4d58b8677ba1e99267052996ae75d6,s1,test_a02
5,6,t7-20221224-1806_jpg.rf.3350a4e9ac6674368671705f9264d93e,s1,test_a02
3,3,t7-20221224-1836_jpg.rf.cb3dc120f9c9f6d614053037ee6af174,s1,test_a02
6,9,t7-20221224-1906_jpg.rf.43088b265452ae44fa954172c97bfdd8,s1,test_a02
5,7,t7-20221224-1936_jpg.rf.86d98946f6df2a27260f62d4b9d9212b,s1,test_a02
5,8,t7-20221224-2006_jpg.rf.27fd20e74baff2baabe8ad6b2ec32501,s1,test_a02
4,6,t7-20221224-2036_jpg.rf.7865749b557ad432f0f60db2dc07752c,s1,test_a02
4,6,t7-20221224-2106_jpg.rf.1380bd13ca50fdcdeeade88bfa5161d2,s1,test_a02
4,5,t7-20221224-2136_jpg.rf.52e566912b873c6f458a44b8e4e31026,s1,test_a02
5,7,t7-20221224-2206_jpg.rf.abfdfb2e94886bb3880cab4c997fd414,s1,test_a02
5,6,t7-20221224-2236_jpg.rf.c4e71625c51740078a5c8368a66ff669,s1,test_a02
9,11,t7-20221224-2306_jpg.rf.5056a9845122a464c4b6eb146b732a30,s1,test_a02
4,6,t7-20221224-2336_jpg.rf.daf7380ae2696e6672415b243c701547,s1,test_a02
4,6,t7-20221225-0006_jpg.rf.d5f333dd8af1c12cc4cd09e85ca3c9cc,s1,test_a02
6,7,t7-20221225-0036_jpg.rf.50186009071d3e9624497c25ad45e194,s1,test_a02
2,2,t7-20221225-0106_jpg.rf.137089f88a07b1c227ede6edd2e689c9,s1,test_a02
4,9,t7-20221225-0136_jpg.rf.c2b3e3182e2e4d7d1bf81a29ea83bf19,s1,test_a02
5,7,t7-20221225-0206_jpg.rf.f38cebc727938e661af95b351448eb41,s1,test_a02
2,4,t7-20221225-0236_jpg.rf.40d4689a3cebaf8c7a5accad8dba1bb0,s1,test_a02
4,6,t7-20221225-0306_jpg.rf.306bbe25cc785fe6c12702415602921c,s1,test_a02
2,4,t7-20221225-0336_jpg.rf.9429ccb92f2e034c575d41829a87c5b8,s1,test_a02
5,8,t7-20221225-0406_jpg.rf.58367a70a374e997f93b2b2c3703b659,s1,test_a02
2,3,t7-20221225-0436_jpg.rf.8f17aa1cb93f2ea6b38434dc8c01a033,s1,test_a02
9,9,t7-20221225-0506_jpg.rf.741e014a9bba311ca60b8a867db80b51,s1,test_a02
4,7,t7-20221225-0536_jpg.rf.866dd231c552170770fe2fca8ac2e99a,s1,test_a02
4,6,t7-20221225-0606_jpg.rf.4a7010c03eac722759bbd7ff33bfae30,s1,test_a02
2,3,t7-20221225-0636_jpg.rf.057a922d775eb7577e28d22232c86101,s1,test_a02
2,5,t7-20221225-0706_jpg.rf.53f522e47466b79046be348b5809c18e,s1,test_a02
7,13,t7-20221225-0736_jpg.rf.c5d39b9c8c8ca91ac26fe4f2cfcc0311,s1,test_a02
6,7,t7-20221225-0806_jpg.rf.1fc1a6d9d7ce407b5b2c684f4d05213f,s1,test_a02
4,6,t7-20221225-0836_jpg.rf.6459df7a8824ae80d7d5233c3008d607,s1,test_a02
1,2,t7-20221225-0906_jpg.rf.7f903f47d2eee857c274e232c10d1924,s1,test_a02
4,7,t7-20221225-0936_jpg.rf.86a7184c6cd7512d1eef638153f90339,s1,test_a02
3,6,t7-20221225-1006_jpg.rf.26f474cb1d4dedbd7f66cc5dc5feca3d,s1,test_a02
3,4,t7-20221225-1036_jpg.rf.1ed40a35261acf0626aa898099927527,s1,test_a02
4,7,t7-20221225-1106_jpg.rf.7d0ee03aa01c11d26be49cc3999fc105,s1,test_a02
4,6,t7-20221225-1136_jpg.rf.dbd9477f4dc756eda121a3949633db65,s1,test_a02
0,2,t7-20221225-1206_jpg.rf.13251eb21e0a729a65eae386728d3d54,s1,test_a02
1,2,t7-20221225-1236_jpg.rf.d89d839cb8121d989aa46958d84e414e,s1,test_a02
1,5,t7-20221225-1306_jpg.rf.3e432fab57c92958fbaa5a078333a65f,s1,test_a02
0,3,t7-20221225-1336_jpg.rf.71395c80644c93a190da41078a9fd094,s1,test_a02
1,5,t7-20221225-1406_jpg.rf.7a8146ac0c87da796d741a8c13ff31f3,s1,test_a02
6,8,t7-20221225-1436_jpg.rf.0339c30595b5a329feb3e267ca154183,s1,test_a02
3,5,t7-20221225-1506_jpg.rf.d0ee3e6de95e89d542fb4564552bd701,s1,test_a02
1,3,t7-20221225-1536_jpg.rf.6549183a0aa2e0d8f31c1392c6c62018,s1,test_a02
2,4,t7-20221225-1606_jpg.rf.b23707cfa663a7501a469c0630fd6895,s1,test_a02
0,2,t7-20221225-1636_jpg.rf.66890f4b6e92fb7b4f9d8723145767f8,s1,test_a02
5,7,t7-20221225-1706_jpg.rf.0ddde9b5471d255742d2dd8877155337,s1,test_a02
3,4,t7-20221225-1736_jpg.rf.1dd23b43e10f041e5732c94bd5aba0fe,s1,test_a02
2,4,t7-20221225-1806_jpg.rf.57383f80643fc85044b31b8d6e27620b,s1,test_a02
2,5,t7-20221225-1836_jpg.rf.4655ae2f991749d0026851a5e0f595fd,s1,test_a02
12,15,t7-20221225-1906_jpg.rf.718f383e7e708076f146d8deac3289f4,s1,test_a02
7,14,t7-20221225-1936_jpg.rf.00def953e92938f40790f0404e1b50ce,s1,test_a02
7,10,t7-20221225-2006_jpg.rf.9e664afe3bf64b647b630b6c1159a27c,s1,test_a02
6,8,t7-20221225-2036_jpg.rf.e590175b4299b58279424dfb4f8849bf,s1,test_a02
10,13,t7-20221225-2106_jpg.rf.a2515cd34b85c9eb8c9e378ba6483930,s1,test_a02
8,11,t7-20221225-2136_jpg.rf.e381e7ac9e3716515830a0cef9ce9c87,s1,test_a02
9,14,t7-20221225-2206_jpg.rf.107dd186167a6b19694df02e701efadd,s1,test_a02
6,12,t7-20221225-2236_jpg.rf.69b213c9cdd8ac7ae7d45bd51f2a51e5,s1,test_a02
9,13,t7-20221225-2306_jpg.rf.8e652747626de72f95b5be82c5bef075,s1,test_a02
6,9,t7-20221225-2336_jpg.rf.6a739be3932d60ce0c919ab2ac15e060,s1,test_a02
8,14,t7-20221226-0006_jpg.rf.e091e2f5f305da2859747119b827b9f0,s1,test_a02
4,8,t7-20221226-0036_jpg.rf.9fe37656cf9f6f308eaa5124787b1ff1,s1,test_a02
7,11,t7-20221226-0106_jpg.rf.d7561fb6e3e001f884108455a4d3b89b,s1,test_a02
3,4,t7-20221226-0136_jpg.rf.75a064d0c5e896ef4358a4828c6df3ce,s1,test_a02
6,8,t7-20221226-0206_jpg.rf.37376a2d524cb05befa46472d94a31f6,s1,test_a02
6,8,t7-20221226-0236_jpg.rf.44dc2e1a1e51aed91b5d5a6cb41ee67a,s1,test_a02
8,10,t7-20221226-0306_jpg.rf.ffa3f0b6399d92fa5bbbf976f27b8a8c,s1,test_a02
4,5,t7-20221226-0336_jpg.rf.7f0ba26530255ffbad1ef5465752a46b,s1,test_a02
6,8,t7-20221226-0406_jpg.rf.a49149df78026b98a050a42d30c862a5,s1,test_a02
5,7,t7-20221226-0436_jpg.rf.3d5d626f894e607d4de5ffff53fcfe38,s1,test_a02
4,6,t7-20221226-0506_jpg.rf.36523e662ffc59d0fa8d4d0912440e78,s1,test_a02
6,7,t7-20221226-0536_jpg.rf.aabcf5df20c66e89045049a84f21e30d,s1,test_a02
4,9,t7-20221226-0606_jpg.rf.1c0e2cf4d2c59d28542768d24fe15d41,s1,test_a02
5,11,t7-20221226-0636_jpg.rf.58541bf9ae5f2192b208e9b604ad20b5,s1,test_a02
6,9,t7-20221226-0706_jpg.rf.47dc2665659b2a43fd586bbe30285426,s1,test_a02
3,7,t7-20221226-0736_jpg.rf.9c720b51a71ff506f0d48d23ba03d2f6,s1,test_a02
3,6,t7-20221226-0806_jpg.rf.9ebd9954fdd9c6645c18a4a50bb204f7,s1,test_a02
2,4,t7-20221226-0836_jpg.rf.df7adac06e172a86d1c7d6c5c58b09d2,s1,test_a02
1,1,t8-20221226-0959_jpg.rf.26fef761704ff728113200b1050cfb53,s1,test_a02
15,16,t8-20221226-1029_jpg.rf.8fd957961ffbec09facbefc48c5944cd,s1,test_a02
24,28,t8-20221226-1059_jpg.rf.f0a6ce4b747eee93f12c8a1658b35b01,s1,test_a02
28,28,t8-20221226-1129_jpg.rf.b51b383498263b1dcf281a7503158eb5,s1,test_a02
27,28,t8-20221226-1159_jpg.rf.1f3f6cbc953f9baad3b3495949210f04,s1,test_a02
26,30,t8-20221226-1229_jpg.rf.5f9d6728d0d787f4839b7766b4fa3989,s1,test_a02
14,14,t8-20221226-1259_jpg.rf.26f7c347895246011e3b57ac45034cf0,s1,test_a02
13,16,t8-20221226-1329_jpg.rf.9b19029513df3aa12f74c63cd9ad0491,s1,test_a02
14,15,t8-20221226-1359_jpg.rf.e6e21419cfbd75bb2a475771e56c46a2,s1,test_a02
7,8,t8-20221226-1429_jpg.rf.919bbe6dffda7fc1e195d7fc684aede3,s1,test_a02
11,12,t8-20221226-1459_jpg.rf.eb374d902a20061f75647bdb32d4b50b,s1,test_a02
6,7,t8-20221226-1529_jpg.rf.08f4442a888b4acfc2cd0623675d5202,s1,test_a02
8,10,t8-20221226-1559_jpg.rf.41e7241fd4cad43b505e0d69589dd654,s1,test_a02
9,10,t8-20221226-1629_jpg.rf.f932363d798fbdd22092caac80e93b02,s1,test_a02
5,8,t8-20221226-1659_jpg.rf.78e4e111a512d4ad784b657ca04f4dc3,s1,test_a02
9,11,t8-20221226-1729_jpg.rf.cde0c42190143f8a916cbf5a0f29e159,s1,test_a02
5,10,t8-20221226-1759_jpg.rf.f2caa9d65b7dd2c7d69b7bb27d249ad2,s1,test_a02
11,14,t8-20221226-1829_jpg.rf.9c174932d81f1e86c4b2cca43a9efbcd,s1,test_a02
12,14,t8-20221226-1859_jpg.rf.7996c4e780a59d3aed2d0734edb059d2,s1,test_a02
6,9,t8-20221226-1929_jpg.rf.fc722aefa4bf25bb23a97c89361f04a7,s1,test_a02
4,5,t8-20221226-1959_jpg.rf.5489ce7b5df7a38aa6728b406d81d64b,s1,test_a02
12,13,t8-20221226-2029_jpg.rf.717e60530bda5f7ced5fcd6dfe23f4bd,s1,test_a02
3,4,t8-20221226-2059_jpg.rf.5a5055ba2741acfa8b13f7f71fc0ce86,s1,test_a02
5,6,t8-20221226-2129_jpg.rf.c649ac412cb53a0f95de8750a3a49d53,s1,test_a02
5,6,t8-20221226-2159_jpg.rf.ca98fe95f79f91c108afb6353127b2b5,s1,test_a02
4,6,t8-20221226-2229_jpg.rf.bf3d2e58a3aa15558c1120d78227a200,s1,test_a02
5,6,t8-20221226-2259_jpg.rf.5a5b5a4c7bb6490bed1b9d59e0bcbe56,s1,test_a02
6,8,t8-20221226-2329_jpg.rf.906fb396ed1f3f69ec26bc031267f51d,s1,test_a02
0,2,t8-20221226-2359_jpg.rf.a7af776f70980bb81712475276af996e,s1,test_a02
5,6,t8-20221227-0029_jpg.rf.32bf1d5d5634981d4d0d7342099cb0e9,s1,test_a02
6,7,t8-20221227-0059_jpg.rf.e44fc70882399e2234a568467a102550,s1,test_a02
1,2,t8-20221227-0129_jpg.rf.e9a68231314bba0fe68e2d99c73542ef,s1,test_a02
3,4,t8-20221227-0159_jpg.rf.bc46be94df4a96e259315d0a4e908bf0,s1,test_a02
4,5,t8-20221227-0229_jpg.rf.a61587c65be606ccbbd04449b84ee2c6,s1,test_a02
6,7,t8-20221227-0259_jpg.rf.eac9123dc6257216e9c18bde2e9a9ae5,s1,test_a02
1,2,t8-20221227-0329_jpg.rf.959f0ecdb6590b77f50462e39078ba8e,s1,test_a02
2,2,t8-20221227-0359_jpg.rf.244d3f49530b1662de02bee7a9a692f7,s1,test_a02
2,2,t8-20221227-0429_jpg.rf.f66cea374368941270e3afdc505ca316,s1,test_a02
2,3,t8-20221227-0459_jpg.rf.c0c58fa46b0531573575d6d84ee09dc4,s1,test_a02
2,3,t8-20221227-0529_jpg.rf.7a34cfddfba96649de2b2edc64997bb7,s1,test_a02
3,3,t8-20221227-0559_jpg.rf.6e9d3e040a677061f0b3a3cc0c38dedb,s1,test_a02
2,2,t8-20221227-0629_jpg.rf.ab3d7be480680329ec26e728ce135934,s1,test_a02
2,3,t8-20221227-0659_jpg.rf.00162cae14a4a72ca77a8de8cc951bee,s1,test_a02
1,1,t8-20221227-0729_jpg.rf.f34abe9db04e0c4ee896124d0c26d12d,s1,test_a02
2,3,t8-20221227-0759_jpg.rf.12304f76c001380252fa98350d3037cb,s1,test_a02
1,1,t8-20221227-0829_jpg.rf.29f0faef6a3099c9ab98b0aa4406b527,s1,test_a02
6,7,t8-20221227-0859_jpg.rf.df5eec02e59a6bf6a44a9a363c99dcd8,s1,test_a02
3,4,t8-20221227-0929_jpg.rf.f8a4e19a8c8dc3ee0044521435447dec,s1,test_a02
2,3,t8-20221227-0959_jpg.rf.983abc6ef10c2291a213b8586e08621b,s1,test_a02
3,4,t8-20221227-1029_jpg.rf.6328779bf59e451b1180b88adeaeeaed,s1,test_a02
3,3,t8-20221227-1059_jpg.rf.0a3281d14495098c75d16a6a21759641,s1,test_a02
3,3,t8-20221227-1129_jpg.rf.7517ed85113aabf8df6977735251e790,s1,test_a02
2,2,t8-20221227-1159_jpg.rf.ef1c25d57c1f92810cd1a1a402a57df1,s1,test_a02
2,2,t8-20221227-1229_jpg.rf.a479856e6c0ba1278c0d0b407c0f9837,s1,test_a02
2,2,t8-20221227-1259_jpg.rf.cd260529ee97aacd6516b5e0820c4648,s1,test_a02
3,3,t8-20221227-1329_jpg.rf.36cffe009111342b9a19d964a2017d04,s1,test_a02
1,1,t8-20221227-1359_jpg.rf.5c322545b6c80d6946744a79a3eace3d,s1,test_a02
2,2,t8-20221227-1429_jpg.rf.df2237481a26933429c103a8cc17cd37,s1,test_a02
1,1,t8-20221227-1459_jpg.rf.77a0c28571b99ae499abd092aa7b0be1,s1,test_a02
2,2,t8-20221227-1629_jpg.rf.841dd265b2bf0907f2e80f44da80f611,s1,test_a02
2,2,t8-20221227-1659_jpg.rf.c8022824226141f55946accd9ddf8a72,s1,test_a02
3,3,t8-20221227-1729_jpg.rf.53d2d6dba820b8b360079dfedd583975,s1,test_a02
1,1,t8-20221227-1759_jpg.rf.4534e733fd8bc74926d1f49762dc9816,s1,test_a02
4,4,t8-20221227-1829_jpg.rf.8dc0775bb273fa51f4318df9dbc8e430,s1,test_a02
3,3,t8-20221227-1859_jpg.rf.c8efac6445b1a15978ca092ad3d4214a,s1,test_a02
4,4,t8-20221227-1929_jpg.rf.2f8ba01f18e2c5663d390954493a96f7,s1,test_a02
1,1,t8-20221227-1959_jpg.rf.f78164575f52eea9bb6a33cba8fbfd0c,s1,test_a02
2,2,t8-20221227-2029_jpg.rf.f2636254b15d7e35658f7717295fff80,s1,test_a02
3,3,t8-20221227-2059_jpg.rf.de8e7d90804257ff23839f121001f519,s1,test_a02
3,3,t8-20221227-2129_jpg.rf.ecaafd3b788a9e13ef99fd0e6c2c798e,s1,test_a02
1,1,t8-20221227-2159_jpg.rf.f4d405737a51559f1247a14dd2f86e75,s1,test_a02
2,3,t8-20221227-2229_jpg.rf.bab1cc03058e4d812d1e8fe6d3316366,s1,test_a02
1,1,t8-20221227-2259_jpg.rf.c920d9d9baddd3568a93af1409caf1da,s1,test_a02
1,1,t8-20221227-2329_jpg.rf.112704134e20751d8bd773b85d66b692,s1,test_a02
3,3,t8-20221227-2359_jpg.rf.50a34f012e2018a308c6ca63dcbc05e2,s1,test_a02
1,1,t8-20221228-0029_jpg.rf.91cf68d4060d685985d4d2f54d71bc71,s1,test_a02
4,4,t8-20221228-0059_jpg.rf.6e8d9fc844b134c6635f15a1865c1a2a,s1,test_a02
3,4,t8-20221228-0129_jpg.rf.2ffb45ce8167afde45c9c63d516af8a4,s1,test_a02
1,3,t8-20221228-0159_jpg.rf.f15d9998bb118496f98c7de864a10619,s1,test_a02
2,3,t8-20221228-0229_jpg.rf.d7b632218cac437db6e9b8221916006b,s1,test_a02
1,2,t8-20221228-0259_jpg.rf.5ea803c5f0361083be0c303fd703dd90,s1,test_a02
2,5,t8-20221228-0329_jpg.rf.883da0d4e904081485a8b2b35530d2e6,s1,test_a02
3,4,t8-20221228-0359_jpg.rf.8738f71b4f0f0f7173e18c59fe1005d6,s1,test_a02
4,5,t8-20221228-0429_jpg.rf.05f3019e0758583f981f98db3419070a,s1,test_a02
3,5,t8-20221228-0459_jpg.rf.81d800aed8956307450ecd838ce9d5c0,s1,test_a02
5,7,t8-20221228-0529_jpg.rf.2a6bc5f1887ee67278ffa48858314136,s1,test_a02
4,5,t8-20221228-0559_jpg.rf.8d46ac0f2ce01170f2e86aa4fa125397,s1,test_a02
6,6,t8-20221228-0629_jpg.rf.4f291c8c53f33ed26ae6dcef9b92dda3,s1,test_a02
5,5,t8-20221228-0659_jpg.rf.c75f1e9044d1931c2607d80e3fad32a4,s1,test_a02
2,1,t8-20221228-0729_jpg.rf.7454571dc23009c816ea776771196ede,s1,test_a02
4,3,t8-20221228-0759_jpg.rf.64491f597936120c03ae10c4ed765b76,s1,test_a02
2,2,t8-20221228-0829_jpg.rf.de3a3c36fb023e8adb5908c728dd1a5d,s1,test_a02
2,2,t8-20221228-0859_jpg.rf.bf3d2e00ddf48f7ad2aa4cc3cfcde141,s1,test_a02
0,2,t1-20221109-1325_jpg.rf.f86d1ffd2fd0fc6362f2729b86d3465d,s1,test_a03
39,51,t1-20221109-1326_jpg.rf.e0e0fa43700a441d4a130347989599e8,s1,test_a03
24,31,t1-20221109-1327_jpg.rf.e059147c9268eef732ed9a8f48487666,s1,test_a03
13,13,t1-20221109-1328_jpg.rf.e808c0e68b6ddf6e43f4c10c5ce55b45,s1,test_a03
10,10,t1-20221109-1334_jpg.rf.348af879697f3a2a76a18988e3e28a6e,s1,test_a03
6,7,t1-20221109-1348_jpg.rf.e459ae20832c32d112d2ea0ad02bf022,s1,test_a03
4,4,t1-20221109-1349_jpg.rf.9d354bb9d37809f8df20256262e43421,s1,test_a03
3,3,t1-20221109-1354_jpg.rf.0f66cb97940c087297e69bf089e696cd,s1,test_a03
4,5,t1-20221109-1356_jpg.rf.d929e74b9e9a553350efeb8cef78c694,s1,test_a03
5,6,t1-20221109-1357_jpg.rf.064b76ea2423d9bb64b8f1424fbd305c,s1,test_a03
4,4,t1-20221109-1358_jpg.rf.d48c0039010bbb445d97056c7fd65c64,s1,test_a03
6,6,t1-20221109-1359_jpg.rf.69a83a1303eba8f5a46cf2bf6be15759,s1,test_a03
4,4,t1-20221109-1400_jpg.rf.ac3da266d47b03d5318e8c581eb00a22,s1,test_a03
4,4,t2-20221109-1412_jpg.rf.8360cd09eab4e3bbfa86f4f951dfd81c,s1,test_a03
5,5,t2-20221109-1413_jpg.rf.cb80cf727b6062ee45a5c3a6fbfed674,s1,test_a03
1,1,t2-20221109-1414_jpg.rf.f9048b552b8c6fc0e294d3401dbfa396,s1,test_a03
1,1,t2-20221109-1415_jpg.rf.6c9eef03ed3620122a97b98b3a5ae527,s1,test_a03
4,4,t2-20221109-1416_jpg.rf.db8dd936f3d8e41f26eadb7343184194,s1,test_a03
6,6,t2-20221109-1417_jpg.rf.3f014a923375b2a9ed63cd07d7453bad,s1,test_a03
1,1,t2-20221109-1418_jpg.rf.6600c7bef99eb2a1ef4a77bbcf8216fa,s1,test_a03
4,4,t2-20221109-1419_jpg.rf.4ef21c0be0394d0910520df040133756,s1,test_a03
0,1,t3-20221116-1358_jpg.rf.3c428e80a05ed562c722468e349d23ac,s1,test_a03
5,5,t3-20221116-1359_jpg.rf.f5cd0913df0957f63cdd81c52af2fe6d,s1,test_a03
6,6,t3-20221116-1400_jpg.rf.5c74855e4ba33b4def1da2dea4ae612d,s1,test_a03
3,3,t3-20221116-1402_jpg.rf.a5c1c3e48e98fd9f1dd55a503a976440,s1,test_a03
6,6,t3-20221116-1403_jpg.rf.5053eac3f9cf93f3d3df65643fd61153,s1,test_a03
6,7,t3-20221116-1404_jpg.rf.1a1b84c30c5777560b6ebc2da27726f5,s1,test_a03
12,12,t3-20221116-1405_jpg.rf.48ad83b1185267229acaf7a724c40125,s1,test_a03
8,9,t3-20221116-1406_jpg.rf.7418fd05d1b90131e96d8078a3ec91f4,s1,test_a03
12,12,t3-20221116-1407_jpg.rf.20953da2b8c06d4162a8ef9d1bf97a18,s1,test_a03
12,12,t3-20221116-1408_jpg.rf.8f2e5fb1416d308ec21321258c89902a,s1,test_a03
5,5,t3-20221116-1409_jpg.rf.99ba5602903eda6478b341132a7336ec,s1,test_a03
8,9,t3-20221116-1410_jpg.rf.a991e13b3ce125882a1fc62a22f72634,s1,test_a03
10,10,t3-20221116-1411_jpg.rf.573fd64d0642cb694419be21a7b33c39,s1,test_a03
1,1,t3-20221116-1412_jpg.rf.11dcec88610e8cd1a3ef046493d878a4,s1,test_a03
5,6,t3-20221116-1413_jpg.rf.8becdb711bb602473dc96aa2e7bd54cb,s1,test_a03
3,3,t3-20221116-1414_jpg.rf.fbd1ae943e72134fe381734fd51ff304,s1,test_a03
8,7,t3-20221116-1415_jpg.rf.8ef1fcc431a30e13b1b12bb90a2f7d1a,s1,test_a03
9,9,t3-20221116-1416_jpg.rf.bde3d8e20f0c3b397fa75bd0ffad6cd7,s1,test_a03
3,3,t3-20221116-1417_jpg.rf.2728725041181d1260586dfbc02071bf,s1,test_a03
5,5,t3-20221116-1418_jpg.rf.cf7aa2f57904596c4b1b0a177a19bed7,s1,test_a03
12,12,t3-20221116-1419_jpg.rf.2d3f0f0d3039ee6b5c8e2c8192fdea10,s1,test_a03
13,15,t3-20221116-1420_jpg.rf.62c5601128c5193eb0d349ce700c4d55,s1,test_a03
2,2,t3-20221116-1421_jpg.rf.40044954ad941fe7a3d450027964e393,s1,test_a03
1,3,t4-20221117-1320_jpg.rf.324c2d439e7f14d20010e7e00e09156f,s1,test_a03
3,5,t4-20221117-1335_jpg.rf.439f39d73c70ff69ea975918387b0092,s1,test_a03
3,5,t4-20221117-1336_jpg.rf.d0a4dd5abef04838870302775debdf14,s1,test_a03
2,2,t4-20221117-1337_jpg.rf.1693e16b45f17f04bce499dbf39c0563,s1,test_a03
5,5,t4-20221117-1338_jpg.rf.39716e5a84f91977d8874f10a5578de5,s1,test_a03
2,4,t4-20221117-1339_jpg.rf.32828c202b384d1452b1673c3a58ffcf,s1,test_a03
3,4,t4-20221117-1340_jpg.rf.36ef0dcaa3c4d20a0275f08583c727fd,s1,test_a03
7,7,t4-20221117-1341_jpg.rf.44951180211e217938eb196859b99074,s1,test_a03
4,3,t4-20221117-1342_jpg.rf.4eb74ed705357775d516494d316e7cbc,s1,test_a03
3,4,t4-20221118-0711_jpg.rf.71739ea962996029be8954b3ec8dded5,s1,test_a03
4,4,t4-20221118-0712_jpg.rf.ecef1a7142a658a5036e241fc2c4185f,s1,test_a03
3,3,t4-20221118-0713_jpg.rf.62966c3ad6528497c15e37b15059ee2c,s1,test_a03
9,28,t1-20221103-1556_jpg.rf.c97ec0beb8b8a68d4b9f2d3ebb071d7b,s1,test_b01
83,132,t1-20221103-1626_jpg.rf.ea75a486b2b11c5c02b34075d090a597,s1,test_b01
57,98,t1-20221103-1656_jpg.rf.b18995d5bd59ba542b534c231eeeb8c1,s1,test_b01
39,67,t1-20221103-1726_jpg.rf.b70a3c0af38e652474cb6386e287213d,s1,test_b01
51,66,t1-20221103-1756_jpg.rf.5a77cb459c4e7d999a70f8df18308a3e,s1,test_b01
44,64,t1-20221103-1826_jpg.rf.96b1d9465fb0692e15a1458ce1672cf7,s1,test_b01
45,71,t1-20221103-1856_jpg.rf.93cfff0195b4c5cfb541da749ba113d3,s1,test_b01
38,62,t1-20221103-1926_jpg.rf.ca2884ed5fd1ee7f4caa7ff9f6cd10f3,s1,test_b01
37,67,t1-20221103-1956_jpg.rf.c7543d957103fa0a70c8f6f0d9b9f0c5,s1,test_b01
31,59,t1-20221103-2026_jpg.rf.1471fd97b0b082b1dd04f9f03083f097,s1,test_b01
46,81,t1-20221103-2056_jpg.rf.e2b8f36d6a5ff71c38befcaedd73c085,s1,test_b01
34,60,t1-20221103-2126_jpg.rf.fcf20d1263b5420de4fd757ef10c56ac,s1,test_b01
29,55,t1-20221103-2156_jpg.rf.344de4c8e0c41d189705be34fa616029,s1,test_b01
28,61,t1-20221103-2226_jpg.rf.571f29f420489ea7d7f9ddc5536b25ad,s1,test_b01
30,54,t1-20221103-2256_jpg.rf.ac9da048fa7e7819ccfb3ed83da6998d,s1,test_b01
31,59,t1-20221103-2326_jpg.rf.fa7e38b04596fc48b052046786da92a7,s1,test_b01
26,61,t1-20221103-2356_jpg.rf.c1721f5ce2e95de3cd170a549673cce3,s1,test_b01
24,49,t1-20221104-0026_jpg.rf.29f684f70e3a8db2e6118c77e1960fbc,s1,test_b01
23,44,t1-20221104-0056_jpg.rf.9c0ff787f0b815613d697815ecac8489,s1,test_b01
28,49,t1-20221104-0126_jpg.rf.f1d6ed891579388778f067551798c3f6,s1,test_b01
34,64,t1-20221104-0156_jpg.rf.cf51bd2b88bd4c5f663f2ec37080213d,s1,test_b01
30,63,t1-20221104-0226_jpg.rf.88c7888c80aed75d22049623787733a7,s1,test_b01
30,48,t1-20221104-0256_jpg.rf.3a6d8ca0412589a050892a59e5b01604,s1,test_b01
34,69,t1-20221104-0326_jpg.rf.2894e0111315c300b72bc0041f217b1e,s1,test_b01
38,62,t1-20221104-0356_jpg.rf.67a67f410fa34c79c32274a19a424ac3,s1,test_b01
27,46,t1-20221104-0426_jpg.rf.e4457251160ecf6cb6461c3dd4abb34a,s1,test_b01
37,68,t1-20221104-0456_jpg.rf.052ca03b20aa9bed0e3bddb57482a5e0,s1,test_b01
29,57,t1-20221104-0526_jpg.rf.a13899e20584358e318621b66259b4b0,s1,test_b01
30,61,t1-20221104-0556_jpg.rf.dcccdff799241bc2c07c4b9cbb792161,s1,test_b01
21,43,t1-20221104-0626_jpg.rf.c4fcf04419bbc7814ce5fded34c19be5,s1,test_b01
30,54,t1-20221104-0656_jpg.rf.bdc7ac35402eb1b062f6b4915e0d97cb,s1,test_b01
24,54,t1-20221104-0726_jpg.rf.ebd199ad22b8cb7076e9136124dbe994,s1,test_b01
26,51,t1-20221104-0756_jpg.rf.51ac9c30b2d6a127c7215521da45df32,s1,test_b01
23,42,t1-20221104-0826_jpg.rf.08e336d2163ad0428d4c3149df8aa9e0,s1,test_b01
19,42,t1-20221104-0856_jpg.rf.c91b9ceba4bd7f9fc4fcb52cbdad7a1f,s1,test_b01
23,45,t1-20221104-0926_jpg.rf.323cf34c13165ae6eb74c6d70c079615,s1,test_b01
23,50,t1-20221104-0956_jpg.rf.eda07fdbdc2eb8b8803460a92605f39f,s1,test_b01
19,47,t1-20221104-1026_jpg.rf.d1766114aba228088dec6482a2f11fb9,s1,test_b01
31,50,t1-20221104-1056_jpg.rf.1547fb15b9faf0b54acb4d4b64db1a44,s1,test_b01
21,43,t1-20221104-1126_jpg.rf.7103fc969b521adcb5380bcb588450a3,s1,test_b01
26,54,t1-20221104-1156_jpg.rf.95875277634941c7533d168a0209d276,s1,test_b01
30,54,t1-20221104-1226_jpg.rf.f7f9bb3a3d2b466382bf9ec6979ebd04,s1,test_b01
17,35,t1-20221104-1256_jpg.rf.31db510700512fe2a599176bd72f1019,s1,test_b01
22,42,t1-20221104-1326_jpg.rf.d54376355932e2be87a42694ce7b465e,s1,test_b01
24,47,t1-20221104-1356_jpg.rf.74912cb74aa9215dae2ba2d161a12fdc,s1,test_b01
21,33,t1-20221104-1426_jpg.rf.c4bd40cb720d3b713c7a945442ba469d,s1,test_b01
13,25,t1-20221104-1456_jpg.rf.3742e3470ec0155e99bad17db9ee0f6a,s1,test_b01
15,29,t1-20221104-1526_jpg.rf.df277ea9b5b53288beffa3c08f1ed396,s1,test_b01
19,30,t1-20221104-1556_jpg.rf.acd358b678302a2e23600b78fe430692,s1,test_b01
0,8,t2-20221104-1624_jpg.rf.43cba871cf5a73eef73ea885de375bbb,s1,test_b02
1,2,t2-20221104-1626_jpg.rf.c21a16df9d07d20f19a483a44ca9173a,s1,test_b02
4,8,t2-20221104-1633_jpg.rf.6df0cddff6e54ccca68e64afe624f19b,s1,test_b02
7,17,t2-20221104-1634_jpg.rf.4a2207ab49f1b04fe4d9ec967f0c8495,s1,test_b02
3,13,t2-20221104-1638_jpg.rf.59f9cab1a3ff88aed5989da2dba2e2c9,s1,test_b02
28,41,t2-20221104-1708_jpg.rf.48c4d6b88b3337c0aad3c38dd3e6ea45,s1,test_b02
20,32,t2-20221104-1738_jpg.rf.7f44fdcf1b0b53f1c372c7962c50855f,s1,test_b02
21,30,t2-20221104-1808_jpg.rf.b79713d86c28cd7e70eec1222dfb08ff,s1,test_b02
27,42,t2-20221104-1838_jpg.rf.ab21244fa0c52a05b201b1fb94eee152,s1,test_b02
16,23,t2-20221104-1908_jpg.rf.cfadeb435800065175e7797b248463b1,s1,test_b02
17,30,t2-20221104-1938_jpg.rf.82107c094bc50ce42787ed73bcdf0085,s1,test_b02
15,25,t2-20221104-2008_jpg.rf.9af30436db2e14556b4d8754bc420515,s1,test_b02
14,24,t2-20221104-2038_jpg.rf.0855b2a35a7544b87630c20134f1b64d,s1,test_b02
6,14,t2-20221104-2108_jpg.rf.8aaed7cc0e563d9b100f8474875f0c88,s1,test_b02
16,24,t2-20221104-2138_jpg.rf.bbf246b8fde51e9e2653fd42da4b475d,s1,test_b02
6,11,t2-20221104-2208_jpg.rf.0e5dae9fd7a1bb0d3e2b2eccead09ad3,s1,test_b02
4,9,t2-20221104-2238_jpg.rf.a69448a2bf84839e9e112a90083585c7,s1,test_b02
7,16,t2-20221104-2308_jpg.rf.4c84beba7fcd0f6d05dab6c0dc2f0f42,s1,test_b02
10,16,t2-20221104-2338_jpg.rf.090317c365cf62ed3108b1a1d0b0fdfd,s1,test_b02
9,14,t2-20221105-0008_jpg.rf.14a957941d418613e5f7c7f5ac9ef785,s1,test_b02
7,13,t2-20221105-0038_jpg.rf.e154d8aecd59e514ff5c22456bc26212,s1,test_b02
2,8,t2-20221105-0108_jpg.rf.904f78280332411b9f08e94da80d2606,s1,test_b02
2,9,t2-20221105-0138_jpg.rf.43d8c8e602cce262578e531b5d20649c,s1,test_b02
2,8,t2-20221105-0208_jpg.rf.16eef1045b6edd0aedbf53ab39dcc0da,s1,test_b02
4,11,t2-20221105-0238_jpg.rf.a47cb28d8b463377ebdb3a3ddb8396f9,s1,test_b02
9,16,t2-20221105-0308_jpg.rf.10c2fe1f2604b897549d03e26716ba98,s1,test_b02
3,12,t2-20221105-0338_jpg.rf.7dc27fc9c38a9505f31e95f56cbe711f,s1,test_b02
6,14,t2-20221105-0408_jpg.rf.7b1d78e5f6ec9e357175782edf3500e9,s1,test_b02
6,10,t2-20221105-0438_jpg.rf.202e05b75bf20953f0e1d1722dfb8f3e,s1,test_b02
6,12,t2-20221105-0508_jpg.rf.06981a4d1e7a3fba557e27fd1b2c92fe,s1,test_b02
3,8,t2-20221105-0538_jpg.rf.8bca30329c605b53d477531952a927ba,s1,test_b02
2,9,t2-20221105-0608_jpg.rf.9f50d2eab1654f63001c1b045839710a,s1,test_b02
2,11,t2-20221105-0638_jpg.rf.996f8d4808a96a20828e425d756d1522,s1,test_b02
4,8,t2-20221105-0708_jpg.rf.12fa487d3eba6093deff37f5ca913510,s1,test_b02
1,9,t2-20221105-0738_jpg.rf.2883ee8fa1c8d694044a10663d131e5e,s1,test_b02
2,9,t2-20221105-0808_jpg.rf.e310f34e8d71f118b9b9bf03121ea276,s1,test_b02
3,8,t2-20221105-0838_jpg.rf.ae354ad3b40f02b54c4200a86b5b7747,s1,test_b02
0,9,t2-20221105-0908_jpg.rf.7356ddf11bd7a7f0f77924de88f1ef90,s1,test_b02
0,7,t2-20221105-0938_jpg.rf.afc8a58ab2430de6acd2956d13ffa0e7,s1,test_b02
5,13,t2-20221105-1008_jpg.rf.127b783f19b6e2c9cba4f0c074ca7d5c,s1,test_b02
1,6,t2-20221105-1038_jpg.rf.a35fcbcbdae59bb2dfb59a6c8527635f,s1,test_b02
4,11,t2-20221105-1108_jpg.rf.8253a48c3631e58ff161cb78a0a26511,s1,test_b02
2,9,t2-20221105-1138_jpg.rf.aa043cde7c911c2eb69fcd441f190c54,s1,test_b02
1,8,t2-20221105-1208_jpg.rf.43fa4a7231dcae5a9bb5214579f084f2,s1,test_b02
3,9,t2-20221105-1238_jpg.rf.9ddc322e4f7ce93586f29fb8a7083425,s1,test_b02
4,8,t2-20221105-1308_jpg.rf.2c28ba3a63a0c32ff1f632b3db3ccfad,s1,test_b02
4,13,t2-20221105-1338_jpg.rf.550d108d79484c4b1bfa7f134d4de5a6,s1,test_b02
3,11,t2-20221105-1408_jpg.rf.679fd64e60cf6b4418693bde594fd773,s1,test_b02
4,9,t2-20221105-1438_jpg.rf.b3c99a54f31d041b2f782cd2fbdd3286,s1,test_b02
5,11,t2-20221105-1508_jpg.rf.9c3ff87647801fc374efa463f509c53e,s1,test_b02
4,12,t2-20221105-1538_jpg.rf.b4df5b39d6191c2d67b000a1f2b35193,s1,test_b02
3,10,t2-20221105-1608_jpg.rf.0a3de648d624ac85f5217967e6ca41e3,s1,test_b02
3,8,t2-20221105-1638_jpg.rf.050c480430e1d8d5d8b21552d7ffd25c,s1,test_b02
3,6,t3-20221104-1654_jpg.rf.3769a8aaee7ebe5582f3ffb7928b8723,s1,test_b02
8,12,t3-20221104-1724_jpg.rf.9f6cc292786f49a353e2edc8050cbd69,s1,test_b02
13,16,t3-20221104-1754_jpg.rf.1c59d7e6bfdc8445a5df2c5cbcc3db69,s1,test_b02
16,23,t3-20221104-1824_jpg.rf.f7c6a111dc9017a51e6fc1c120b8ace9,s1,test_b02
13,17,t3-20221104-1854_jpg.rf.602a27e40b9e2aea0be02e87817de6d0,s1,test_b02
8,11,t3-20221104-1924_jpg.rf.305ed6714560c03905f6edf906ce354a,s1,test_b02
14,15,t3-20221104-1954_jpg.rf.85c1ed9c79941cca4e53e79731d407ac,s1,test_b02
10,16,t3-20221104-2024_jpg.rf.d96964c3e53faf179f5617bf15f48434,s1,test_b02
6,10,t3-20221104-2054_jpg.rf.8910f740305741387c72a7a092c9bfee,s1,test_b02
9,14,t3-20221104-2124_jpg.rf.64d96894557056262a59d54d6bda8356,s1,test_b02
8,10,t3-20221104-2154_jpg.rf.4b2726ad32a907470365f7ea49d6665e,s1,test_b02
8,12,t3-20221104-2224_jpg.rf.3357de8fe9dfb8d149956b5772f17a88,s1,test_b02
5,8,t3-20221104-2254_jpg.rf.23ebeb17e3eb803505f71be517ec9040,s1,test_b02
9,14,t3-20221104-2324_jpg.rf.96a17d0ee40d0dce6e461440cf96c04f,s1,test_b02
3,6,t3-20221104-2354_jpg.rf.5e181c4fa5e14e681c95a356342a73a9,s1,test_b02
7,10,t3-20221105-0024_jpg.rf.ea08bdf9addeba214e063025f244d32c,s1,test_b02
6,13,t3-20221105-0054_jpg.rf.ffbcea8a993cf9d8f05d0842184143a2,s1,test_b02
9,17,t3-20221105-0124_jpg.rf.bc81035df55730b711f9d886bfc60a9a,s1,test_b02
7,11,t3-20221105-0154_jpg.rf.b2f44a3fa0b8f50bf9ef466b81410005,s1,test_b02
7,13,t3-20221105-0224_jpg.rf.4d52d7aab9b465fe20205f5fd8539d11,s1,test_b02
6,9,t3-20221105-0254_jpg.rf.b574c77edbe1ad6f8dcdc0b483865715,s1,test_b02
6,10,t3-20221105-0324_jpg.rf.4e3e90caaac0ff16def85c072b13db95,s1,test_b02
4,8,t3-20221105-0354_jpg.rf.f4ef8cfd33494dd79ff43438a87f64be,s1,test_b02
7,9,t3-20221105-0424_jpg.rf.430e7f3f45467bb866d074bdcb6e87b7,s1,test_b02
4,6,t3-20221105-0454_jpg.rf.bbb682209962724d9aad2aef7ea6b4d8,s1,test_b02
3,9,t3-20221105-0524_jpg.rf.adad802e350e848dcadaf13abd3d19f2,s1,test_b02
6,11,t3-20221105-0554_jpg.rf.4d871ede35536e01ae69bcd28f4e000f,s1,test_b02
2,6,t3-20221105-0624_jpg.rf.1937f6ff6ad81e8deb36e48c9604cfb0,s1,test_b02
2,3,t3-20221105-0654_jpg.rf.8f694a4e4ffb848258c9ee7bfd6b479a,s1,test_b02
4,8,t3-20221105-0724_jpg.rf.1d47d0d3705ada752ffbad8a2f7585d1,s1,test_b02
3,7,t3-20221105-0754_jpg.rf.259c80cee8aebb849a6fd79bc555a1ef,s1,test_b02
2,5,t3-20221105-0824_jpg.rf.c2a7c0803ca2a9f928cb77cdbc035ffb,s1,test_b02
2,3,t3-20221105-0854_jpg.rf.d57c62584540eae15d02df457bf4efbd,s1,test_b02
4,10,t3-20221105-0924_jpg.rf.7ba173ab88fe7d0962b80fb77fc42e72,s1,test_b02
1,4,t3-20221105-0954_jpg.rf.88b6388bc48d035006d75ce6f219bc28,s1,test_b02
4,8,t3-20221105-1024_jpg.rf.2190350f40df8fea9edd45dffc5395f3,s1,test_b02
1,2,t3-20221105-1054_jpg.rf.63ba7d1e53cd460ab4c5e505539cb461,s1,test_b02
2,6,t3-20221105-1124_jpg.rf.c2bb16a3d86d650547edcfd258b8e726,s1,test_b02
4,5,t3-20221105-1154_jpg.rf.f55c3a13ab2035ed413b4389c2569eb5,s1,test_b02
3,7,t3-20221105-1224_jpg.rf.39feeeb21875247158ece61fec901088,s1,test_b02
3,6,t3-20221105-1254_jpg.rf.157ee5e34859b9e8c2aa3debdc7532e0,s1,test_b02
4,7,t3-20221105-1324_jpg.rf.88d2e62c080d30d66669dfae6b009c10,s1,test_b02
4,7,t3-20221105-1354_jpg.rf.68a59cd62698e0a036eb4a98d62468fd,s1,test_b02
2,5,t3-20221105-1424_jpg.rf.a3220c4b52c7a03c75f320db3e3fbc6b,s1,test_b02
5,8,t3-20221105-1454_jpg.rf.23af06a0e15663628a2684a08c692565,s1,test_b02
1,5,t3-20221105-1524_jpg.rf.703d0cdb88712ec2e0b438ce75dfbffb,s1,test_b02
2,5,t3-20221105-1554_jpg.rf.0145eb672aae11379177fca14f32c602,s1,test_b02
3,4,t3-20221105-1624_jpg.rf.d83e4a1f2e960e36056bfcdac8d15168,s1,test_b02
4,6,t3-20221105-1654_jpg.rf.078208eabc5b20445bf9481005656989,s1,test_b02
0,4,ctrl-20230329-0909_jpg.rf.da3bc91588e0d7bee446ca0f6cab47a3,s1,test_b03
1,3,ctrl-20230329-0939_jpg.rf.b0220f5515a236ec1889ae8d3acf2758,s1,test_b03
1,2,ctrl-20230329-1009_jpg.rf.ea25d481aa42f1e01a80dc2423707ed3,s1,test_b03
4,5,ctrl-20230329-1039_jpg.rf.1147b3d3eb57a861e115552afe646bc8,s1,test_b03
3,6,ctrl-20230329-1109_jpg.rf.ef5ce429ae679f2c694d569664a240b3,s1,test_b03
3,4,ctrl-20230329-1139_jpg.rf.1b12d8770b6244b0364aa2e8f38596a6,s1,test_b03
3,3,ctrl-20230329-1209_jpg.rf.da8b292b719aae99710cb106d00725d9,s1,test_b03
3,5,ctrl-20230329-1239_jpg.rf.2a1f6f744f3e6fc0a55677f0daedbf10,s1,test_b03
0,2,ctrl-20230329-1309_jpg.rf.cc1d79c4b4cdd738e5746425e5084e85,s1,test_b03
1,2,ctrl-20230329-1339_jpg.rf.1d91451fd8c9284fae0ea0745e4037b8,s1,test_b03
1,2,ctrl-20230329-1409_jpg.rf.803a739d25033a90c8d7d11f80fea1e0,s1,test_b03
2,3,ctrl-20230329-1439_jpg.rf.9320260833d6319e562f144035c2cff7,s1,test_b03
1,1,ctrl-20230329-1509_jpg.rf.9b20928201fc18d648ccf46b02866109,s1,test_b03
5,7,ctrl-20230329-1539_jpg.rf.057a1d0f3307f2c2229fd677911c119e,s1,test_b03
1,1,ctrl-20230329-1609_jpg.rf.9301597a9415d80972e16d2d0ca9aaf6,s1,test_b03
1,2,ctrl-20230329-1639_jpg.rf.239cc7536628607f580e8aba9a376edc,s1,test_b03
0,1,ctrl-20230329-1709_jpg.rf.813081a63317844ecd3db6da62e14d2c,s1,test_b03
0,1,ctrl-20230329-1739_jpg.rf.8123436272cac72325e7019ee0e866cf,s1,test_b03
2,3,ctrl-20230329-1809_jpg.rf.20a1acc17df40ecf30c78f0fc45db1d7,s1,test_b03
1,2,ctrl-20230329-1839_jpg.rf.647ddd856e91316501051b01e6183ef6,s1,test_b03
1,2,ctrl-20230329-1909_jpg.rf.5645a3183b76011ba984b92682f20f63,s1,test_b03
3,3,ctrl-20230329-1939_jpg.rf.1caa0146c9333aee3f4927c12df15116,s1,test_b03
0,3,ctrl-20230329-2009_jpg.rf.2e2589a9a529ea78b3c623b34aebee21,s1,test_b03
1,4,ctrl-20230329-2039_jpg.rf.2557f6703bff0629ab6b07a9c86a410a,s1,test_b03
0,2,ctrl-20230329-2109_jpg.rf.dd1aa7ec172443119b62d66ebcdbe198,s1,test_b03
2,4,ctrl-20230329-2139_jpg.rf.6bdb992590d58f655b3d251ea03f2a4b,s1,test_b03
2,4,ctrl-20230329-2209_jpg.rf.847224a1eb6a942963c6d727b4436335,s1,test_b03
1,2,ctrl-20230329-2239_jpg.rf.9a6a8eebdcd58212898b1246e6cc2631,s1,test_b03
1,3,ctrl-20230329-2309_jpg.rf.32c9e5111b2814c0653e1695f2cd494f,s1,test_b03
0,2,ctrl-20230329-2339_jpg.rf.ce7af2093b70d5973cde6238c096c222,s1,test_b03
1,2,ctrl-20230330-0009_jpg.rf.dbf3533415aa3727f09d4a9211352e6a,s1,test_b03
1,2,ctrl-20230330-0039_jpg.rf.9c2a0c4be38bcab14ae47da625297895,s1,test_b03
0,2,ctrl-20230330-0109_jpg.rf.e55bbe0963dbbce1cc0904239de5fabc,s1,test_b03
0,2,ctrl-20230330-0139_jpg.rf.4772f637a7ff90dc57e3d469ce99d2ee,s1,test_b03
0,3,ctrl-20230330-0209_jpg.rf.78c36416fb74e1a4de5d1511d0b82b72,s1,test_b03
0,3,ctrl-20230330-0239_jpg.rf.ae785840530e463ec2ad302f96b9c6df,s1,test_b03
0,2,ctrl-20230330-0309_jpg.rf.736af86ff54f7ffdc778acd0dfb34e6e,s1,test_b03
1,4,ctrl-20230330-0339_jpg.rf.5c98b9fd37b18a2ce494ff80a268e3a6,s1,test_b03
0,2,ctrl-20230330-0409_jpg.rf.8a14538650be6afe6e666f9d20ab7123,s1,test_b03
0,2,ctrl-20230330-0439_jpg.rf.4ee7e9cbadc54360f877b76caf686346,s1,test_b03
1,1,ctrl-20230330-0509_jpg.rf.522d63f36c6c3d93dc80b1b30be98781,s1,test_b03
0,2,ctrl-20230330-0539_jpg.rf.fb7e19c2f45cffe4075cbe8a41fe0306,s1,test_b03
1,1,ctrl-20230330-0609_jpg.rf.b57cc775af48f482aa744770d6f8be91,s1,test_b03
0,2,ctrl-20230330-0639_jpg.rf.748731b6bc94c539ae36761552623092,s1,test_b03
0,3,ctrl-20230330-0709_jpg.rf.071940e3b48044fc30dbace66bc55646,s1,test_b03
0,2,ctrl-20230330-0739_jpg.rf.0b12e1d2129fe71cf67b6efe4f1e79c3,s1,test_b03
0,1,ctrl-20230330-0809_jpg.rf.3bb53fbc56e22361cb3c2413d47abc6b,s1,test_b03
0,2,ctrl-20230330-0839_jpg.rf.55a2c02683383ff49003e6b0b4edf82e,s1,test_b03
0,3,ctrl-20230330-0939_jpg.rf.afd7b876396809f35e6fef02619deaf5,s1,test_b03
0,1,ctrl-20230330-1009_jpg.rf.09af3f5104a64c22dfe556d764c2c645,s1,test_b03
0,3,ctrl-20230330-1039_jpg.rf.ffe8d63a3d2f9eaf81decce399ce2cb8,s1,test_b03
1,2,ctrl-20230330-1109_jpg.rf.47a681d9157ed66135370792a40afef1,s1,test_b03
2,3,ctrl-20230330-1139_jpg.rf.3ff79ac3b27c29df22b9a9ff6272f373,s1,test_b03
3,2,ctrl-20230330-1209_jpg.rf.919c687349dd9e5646d05f9d183a6701,s1,test_b03
0,2,ctrl-20230330-1339_jpg.rf.ba4d4e529da65c67915fec4d5881ba72,s1,test_b03
1,1,ctrl-20230330-1409_jpg.rf.13f6b06783367bd82d4bf2194e8130d0,s1,test_b03
1,1,ctrl-20230330-1439_jpg.rf.20439b35734e19848ad24f482a8a1fc7,s1,test_b03
1,2,ctrl-20230330-1509_jpg.rf.1295b827b047fff359d2c8669a3b5e31,s1,test_b03
1,2,ctrl-20230330-1539_jpg.rf.902f4695ca6d586fa5a9f45ac13c3a0e,s1,test_b03
1,3,ctrl-20230330-1609_jpg.rf.677d201ba33a2e3d87797fa09f43d595,s1,test_b03
1,3,ctrl-20230330-1639_jpg.rf.667b3e9b5f89d5ed76ad99ebd70461e7,s1,test_b03
0,3,ctrl-20230330-1709_jpg.rf.4b7055d1d9ca2331836b350543e87e1a,s1,test_b03
1,4,ctrl-20230330-1739_jpg.rf.adfb5d77b37513f847c39f4387a1570b,s1,test_b03
1,3,ctrl-20230330-1809_jpg.rf.cdeb7322530e85522b0fb2c2e6fa86d7,s1,test_b03
0,1,ctrl-20230330-1839_jpg.rf.14e5c9fea828459b0b4a03178a7e9e9a,s1,test_b03
0,3,ctrl-20230330-1909_jpg.rf.ea9b9e167df8fe60e8f73539b15e6053,s1,test_b03
0,1,ctrl-20230330-1939_jpg.rf.d50473a90996f73b1401fe7fada4f66e,s1,test_b03
0,2,ctrl-20230330-2009_jpg.rf.8ea4b821217dd1001c34642a618abbac,s1,test_b03
1,3,ctrl-20230330-2039_jpg.rf.da8992e3f7183954d5e11c5b57940af0,s1,test_b03
0,1,ctrl-20230330-2109_jpg.rf.5b847f8e3b6ef16396d0ff377fb69de3,s1,test_b03
0,3,ctrl-20230330-2139_jpg.rf.5890fbdbeb43779c16b493b075c34b34,s1,test_b03
0,1,ctrl-20230330-2209_jpg.rf.28cdd013da7a6578ac9ebe71a739ab63,s1,test_b03
0,2,ctrl-20230330-2239_jpg.rf.2a9da998b73da9dc1f8cb7f0260ff537,s1,test_b03
1,2,ctrl-20230330-2309_jpg.rf.f93f8ce7f4190a90e7627436cec07b71,s1,test_b03
0,4,ctrl-20230330-2339_jpg.rf.1e9a13cd0caa3de8e1f5eab108f591d7,s1,test_b03
0,3,ctrl-20230331-0009_jpg.rf.a9a9a5958e119b1f2d2633ce39b81100,s1,test_b03
0,1,ctrl-20230331-0039_jpg.rf.034ae0ded7996e293f04a81b1b656f00,s1,test_b03
2,3,ctrl-20230331-0109_jpg.rf.f698cea10a17bca9b1f3f92ea4321b65,s1,test_b03
0,5,ctrl-20230331-0139_jpg.rf.d00114404db0585770cd23b41c5fdfb7,s1,test_b03
2,5,ctrl-20230331-0209_jpg.rf.9ee9322bc894649ade0ed9062bf70438,s1,test_b03
0,4,ctrl-20230331-0239_jpg.rf.00c2acbc60d8b8aa66f70b64c2456609,s1,test_b03
2,2,ctrl-20230331-0309_jpg.rf.ee113bfae036578c2b3b7514d3847511,s1,test_b03
0,3,ctrl-20230331-0409_jpg.rf.6470e10267cd4ab20243b58d540e2599,s1,test_b03
0,4,ctrl-20230331-0509_jpg.rf.79d4f1018a6e3eeb9b126fcb29ef9fac,s1,test_b03
0,3,ctrl-20230331-0539_jpg.rf.f6240a5f8751fceefd8ec2028a4999f5,s1,test_b03
1,3,ctrl-20230331-0609_jpg.rf.78ed10b327457f68b5a24c69f3d68d20,s1,test_b03
0,1,ctrl-20230331-0639_jpg.rf.7629b71b87d0ffb8aa963d39f874142d,s1,test_b03
0,3,ctrl-20230331-0709_jpg.rf.8e7638dbdbe6c9235ae9b4e02bdea3bb,s1,test_b03
0,3,ctrl-20230331-0739_jpg.rf.cb87a03809580eb8f627fd37c08955cc,s1,test_b03
1,1,ctrl-20230331-0809_jpg.rf.28d4915977c019458702ba164a2d03f8,s1,test_b03
1,2,ctrl-20230331-0839_jpg.rf.bfff5a557be667bc0fbea8c401092e09,s1,test_b03
0,3,ctrl-20230331-0909_jpg.rf.530eb6dece5f6aec9f036a19636a1502,s1,test_b03
0,3,ctrl-20230331-0939_jpg.rf.317eb5eb4d97e2d45e9bda16bc1b0a13,s1,test_b03
0,4,ctrl-20230331-1009_jpg.rf.550d183a170d7553f47bade2c105aff7,s1,test_b03
0,4,ctrl-20230331-1039_jpg.rf.4f1d747f58845b2c544b0cd7e3c86b63,s1,test_b03
0,2,ctrl-20230331-1109_jpg.rf.83662671725421e43b101f1c60e0cc4b,s1,test_b03
1,2,ctrl-20230331-1139_jpg.rf.25fc7b5d871a25f7599b9fd2ab09b9c2,s1,test_b03
1,2,ctrl-20230331-1209_jpg.rf.c7376bd2fc55c19d47bf9f8a30fb13df,s1,test_b03
0,2,virus-20230329-2008_jpg.rf.9ff13fd64fea1554edf83e02df5d6c35,s1,test_b03
1,2,virus-20230329-2038_jpg.rf.2f099b8b191e472ce0ac787058fb6a13,s1,test_b03
2,2,virus-20230329-2108_jpg.rf.6ac1581e45e62a4eeb09ea07e7d04bbf,s1,test_b03
5,6,virus-20230329-2138_jpg.rf.fa12c9742bcfadda8191332c44de4087,s1,test_b03
11,13,virus-20230329-2208_jpg.rf.feeafde8777acec0beaa4e6d1707ef1b,s1,test_b03
4,5,virus-20230329-2238_jpg.rf.c1d0c4b31735f27c19418db8d336403d,s1,test_b03
5,8,virus-20230329-2308_jpg.rf.9b08c02aa348ec96bda0e755d108d57c,s1,test_b03
0,3,virus-20230329-2338_jpg.rf.7bd4cc974bd36703422cf693151881e9,s1,test_b03
1,6,virus-20230330-0008_jpg.rf.81b770f3bd85ab8ee96a1ae7b1c5ca29,s1,test_b03
2,6,virus-20230330-0038_jpg.rf.088642f4eee37b2ebac49e8d515e5b92,s1,test_b03
0,4,virus-20230330-0108_jpg.rf.67233b26bdcca82bc36ea093a3cc971b,s1,test_b03
0,4,virus-20230330-0138_jpg.rf.b8bc2644cff880be31097b8a6d7c48ba,s1,test_b03
4,7,virus-20230330-0208_jpg.rf.a8de16edcef443df7c187745a041297a,s1,test_b03
1,3,virus-20230330-0238_jpg.rf.a8974f96f79a9ea44d3b7357b1936b36,s1,test_b03
1,5,virus-20230330-0308_jpg.rf.7866f7d128fe126085cd73e37fc3b197,s1,test_b03
2,5,virus-20230330-0338_jpg.rf.d8a80a044661924202a055a269e710fd,s1,test_b03
1,4,virus-20230330-0408_jpg.rf.ccea96a534fd838e310722f2224cf2f9,s1,test_b03
0,3,virus-20230330-0438_jpg.rf.62eb071bf8a53c58f96e02ed63ddd040,s1,test_b03
1,3,virus-20230330-0508_jpg.rf.a324df7a4cae2cb6a859a24d24eccd7b,s1,test_b03
0,5,virus-20230330-0538_jpg.rf.5cf615dd0f76593fce862d10ebc6d633,s1,test_b03
0,5,virus-20230330-0608_jpg.rf.5ae1ab3cf30d1dd592c7ca762b23b9fe,s1,test_b03
0,3,virus-20230330-0638_jpg.rf.a68088f9d52e7f1f97b46e31f9d92376,s1,test_b03
1,3,virus-20230330-0708_jpg.rf.e0a9700fd56adc3c7573e75cca8c89f0,s1,test_b03
1,4,virus-20230330-0738_jpg.rf.5b4f65dae7d0198a7c7f77c2258efff5,s1,test_b03
0,4,virus-20230330-0808_jpg.rf.529b733a372a75d686e2b45ab307cca4,s1,test_b03
0,5,virus-20230330-0838_jpg.rf.c3fc8730b11c4eb03b6a320f5e0c324b,s1,test_b03
1,4,virus-20230330-0908_jpg.rf.f2cb4423dc842506bf2ef26411c19448,s1,test_b03
1,5,virus-20230330-0938_jpg.rf.34ecda7fd5052a8fb4e2c9168392fdb7,s1,test_b03
0,4,virus-20230330-1008_jpg.rf.56762c8546e8447490b7393c8ff8fa41,s1,test_b03
1,6,virus-20230330-1038_jpg.rf.5ead24a868ef3bfb342e06345709236b,s1,test_b03
1,5,virus-20230330-1108_jpg.rf.566b790faf20c13eddd79e19ec7fbe7d,s1,test_b03
0,7,virus-20230330-1138_jpg.rf.80906a898407a5ce96b62a548995c7ef,s1,test_b03
1,6,virus-20230330-1208_jpg.rf.b24b073a52cb88429cc0cc8a262ea842,s1,test_b03
0,5,virus-20230330-1238_jpg.rf.5205ba776439a32c427bfa82668412d0,s1,test_b03
0,8,virus-20230330-1308_jpg.rf.caef22fbb564174985fc4b4d273f7256,s1,test_b03
0,4,virus-20230330-1338_jpg.rf.b093e328a9e073a81b01d48b05080517,s1,test_b03
3,7,virus-20230330-1408_jpg.rf.d38917800a68337968f4d10222c0f715,s1,test_b03
0,6,virus-20230330-1438_jpg.rf.6aeab66ca7ad2792c257f55d6507af81,s1,test_b03
0,3,virus-20230330-1508_jpg.rf.0c85a5d308e8625bfe8a3fd6e6cd86de,s1,test_b03
0,5,virus-20230330-1538_jpg.rf.b9b766c1a5e26cedfaa5583a27539239,s1,test_b03
0,6,virus-20230330-1608_jpg.rf.098ce755f3c2a9d85a6c4ac4c9d0b684,s1,test_b03
1,4,virus-20230330-1638_jpg.rf.1c2d2127945911aee3034843f64a7a2b,s1,test_b03
0,4,virus-20230330-1708_jpg.rf.8e4dd379e4cf7cc0c9ed65c0021b0362,s1,test_b03
0,5,virus-20230330-1738_jpg.rf.36144210b9e06c48e98b2d2c46f244f9,s1,test_b03
0,6,virus-20230330-1808_jpg.rf.01d1f6b8126a034b2ddcd9e5c1402237,s1,test_b03
0,4,virus-20230330-1838_jpg.rf.db82d489c98faadcebdd88d41599a804,s1,test_b03
0,5,virus-20230330-1908_jpg.rf.3dd9024ba16f50a47d7c5f053ce08673,s1,test_b03
0,7,virus-20230330-1938_jpg.rf.4c48ddc261b0697894e8e5f17088ef8e,s1,test_b03
1,5,virus-20230330-2008_jpg.rf.4ee68bfffbf777ede1cbb133007528ef,s1,test_b03
1,3,virus-20230330-2038_jpg.rf.6d28a62f78c9032d6ad98944692f95f8,s1,test_b03
0,4,virus-20230330-2108_jpg.rf.fed7dc576c5aad1e11e6af04928e7632,s1,test_b03
0,6,virus-20230330-2138_jpg.rf.fdb2f4cb83ab0e530da6abc88794e340,s1,test_b03
0,4,virus-20230330-2208_jpg.rf.01ecb3f4845e6f1bfa06cb0ea0dfc171,s1,test_b03
0,4,virus-20230330-2238_jpg.rf.fb4182bf677ca34e55cdedeca72bb4af,s1,test_b03
2,6,virus-20230330-2308_jpg.rf.dfdcb9f79bf4b336f3801959f453ebbb,s1,test_b03
0,4,virus-20230330-2338_jpg.rf.fcc7a9d2d5b5088b67b5f41f5eafcdb4,s1,test_b03
0,4,virus-20230331-0008_jpg.rf.125a493192b2d7bd4b91c96c4f492fe2,s1,test_b03
1,5,virus-20230331-0038_jpg.rf.5eac15ece84d396769aed2a7acd68548,s1,test_b03
0,5,virus-20230331-0108_jpg.rf.7c02236691da4cd5e9977bd0a996a504,s1,test_b03
0,3,virus-20230331-0138_jpg.rf.9b802b798fbc9ca30504ae540ecd5ee8,s1,test_b03
1,5,virus-20230331-0208_jpg.rf.73182b3a6fd5ac29ed2ad4ba43462ee8,s1,test_b03
0,3,virus-20230331-0238_jpg.rf.b532d860f315b2e9d062657ce84794c1,s1,test_b03
1,4,virus-20230331-0308_jpg.rf.6a2cc354c4523fbda5478d6015742818,s1,test_b03
1,4,virus-20230331-0338_jpg.rf.b71f510451ee97222ac321af6962d3fb,s1,test_b03
0,3,virus-20230331-0408_jpg.rf.b674f04795ddb7ef596db9c7d2cfd6bc,s1,test_b03
0,3,virus-20230331-0438_jpg.rf.08d1adde6690e0cb1a5ca322f8dce039,s1,test_b03
0,3,virus-20230331-0508_jpg.rf.ee36de2ebf5353808c857f45bc72390d,s1,test_b03
0,5,virus-20230331-0538_jpg.rf.8a1b992540dfd806bdb22d71a2519ccf,s1,test_b03
0,3,virus-20230331-0608_jpg.rf.a9dfaca3929f347af773dda65dd6c958,s1,test_b03
1,4,virus-20230331-0638_jpg.rf.c5c96b27f0ea0506d61298b15fb869d2,s1,test_b03
0,5,virus-20230331-0708_jpg.rf.f666a3d8f230c35787b179cc4dac2676,s1,test_b03
0,4,virus-20230331-0738_jpg.rf.3eeb5cd05419490a21f6b4293914ca46,s1,test_b03
0,5,virus-20230331-0808_jpg.rf.3f2fb7dff435cb557ba2a01748b322cf,s1,test_b03
1,4,virus-20230331-0838_jpg.rf.a02a81561a93ad00bd4824bf895788e2,s1,test_b03
4,9,virus-20230331-0908_jpg.rf.5942defb71f39b2731d19ffb6c1e85b3,s1,test_b03
0,5,virus-20230331-0938_jpg.rf.75d7d7ffed8a224fe4a648690586ff90,s1,test_b03
0,4,virus-20230331-1008_jpg.rf.f240319fa13416de5ea438a2f1d8dc5e,s1,test_b03
0,4,virus-20230331-1038_jpg.rf.2d7a62b4ea02d4b4d001d784ce92fe25,s1,test_b03
0,4,virus-20230331-1108_jpg.rf.431eeae7f8675fdf017197c4513eb717,s1,test_b03
0,4,virus-20230331-1138_jpg.rf.8b261e4a89bf016890a8e5625727ae8c,s1,test_b03
0,3,virus-20230331-1208_jpg.rf.54dea16ad0c6603653590499574fff9a,s1,test_b03
0,3,virus-20230331-1238_jpg.rf.3cad9730d5d6cdf417c9febf3a1e56a7,s1,test_b03
0,5,virus-20230331-1308_jpg.rf.62634c0d7ccfe3b649d2504cd437564f,s1,test_b03
0,4,virus-20230331-1338_jpg.rf.cf9ec96fdbae278e1489c0904388b38b,s1,test_b03
0,3,virus-20230331-1408_jpg.rf.0e3dec85d246f5e1e425f6db97959baa,s1,test_b03
0,3,virus-20230331-1438_jpg.rf.5bd55c75f7570001526ab8a9ad48a51d,s1,test_b03
0,2,virus-20230331-1508_jpg.rf.61db19e40535730d82e8a19cfee3345d,s1,test_b03
0,5,virus-20230331-1538_jpg.rf.1d6d1adaab9429f83cb5945f1ad79837,s1,test_b03
0,5,virus-20230331-1608_jpg.rf.807103346e9c632e9fcb53ed1d88fe65,s1,test_b03
0,2,virus-20230331-1638_jpg.rf.fee55bc69f50d9bcaa8f4ec811a4a5d4,s1,test_b03
0,4,virus-20230331-1708_jpg.rf.05c4e43b4e1ca6a5c15ffaaf73e7dcc0,s1,test_b03
0,4,virus-20230331-1738_jpg.rf.d0f9ca95a781d642da55ac2f1f9c0cd1,s1,test_b03
0,4,virus-20230331-1808_jpg.rf.de71563716eb8b82b06450aee6212f7d,s1,test_b03
0,5,virus-20230331-1838_jpg.rf.9c5c2ee41cd485d0ea8ed47dc88a0ec9,s1,test_b03
0,4,virus-20230331-1908_jpg.rf.cec327eea99b1e5204098b9af0b24a2b,s1,test_b03
0,5,virus-20230331-1938_jpg.rf.cd0105b06719d9f730b8aabb4c967341,s1,test_b03
0,4,virus-20230331-2008_jpg.rf.536e3d147bc94df7b0c2031e0b26da50,s1,test_b03
0,5,virus-20230331-2038_jpg.rf.3c1d8ddb64d08dfe39d6c4b65c82d656,s1,test_b03
0,3,virus-20230331-2108_jpg.rf.576196650572b26a16d50dd7a108f0a5,s1,test_b03
0,3,virus-20230331-2138_jpg.rf.bd20e2ca534d61684f64361a431230a7,s1,test_b03
0,3,virus-20230331-2208_jpg.rf.aec15ed69039cc91fc0a2314c733406f,s1,test_b03
0,3,virus-20230331-2238_jpg.rf.9c1aa7a30ace8b13b9b8a736e872569f,s1,test_b03
0,4,virus-20230331-2308_jpg.rf.b70e00308b85654f1ea9d2294df76215,s1,test_b03
