model,n_samples,split,strategy,map_mean,map_std,f1_mean,f1_std,pre_mean,pre_std,rec_mean,rec_std
rtdetr-l,64,test_a01,baseline,0.888885,0.021404766,0.883393333,0.016413893,0.89315,0.018076415,0.874103333,0.021034838
rtdetr-l,64,test_a01,grid_search,0.844328333,0.040484863,0.828445,0.047808397,0.831583333,0.071378483,0.829755,0.041231905
rtdetr-l,64,test_a02,baseline,0.76746,0.061161277,0.788273333,0.050640347,0.801068333,0.066213244,0.778088333,0.048502396
rtdetr-l,64,test_a02,grid_search,0.632646667,0.107966993,0.669846667,0.085845988,0.629316667,0.129371465,0.735568333,0.053052291
rtdetr-l,64,test_a03,baseline,0.805091667,0.035097213,0.798165,0.029911303,0.839128333,0.029777884,0.761695,0.037316691
rtdetr-l,64,test_a03,grid_search,0.711198333,0.068439268,0.73194,0.051813702,0.741405,0.069000497,0.72656,0.055645982
rtdetr-l,64,test_b01,baseline,0.6642,0.065503665,0.67443,0.051945739,0.71705,0.076894668,0.642373333,0.059508723
rtdetr-l,64,test_b01,grid_search,0.577448333,0.133469898,0.620798333,0.104402868,0.609095,0.132462888,0.648056667,0.08614975
rtdetr-l,64,test_b02,baseline,0.642776667,0.114545844,0.644348333,0.076940989,0.647493333,0.132083529,0.659018333,0.060109199
rtdetr-l,64,test_b02,grid_search,0.631845,0.123711476,0.635026667,0.097354089,0.612076667,0.15165243,0.688706667,0.057794926
rtdetr-l,64,test_b03,baseline,0.552405,0.144165434,0.488063333,0.154426869,0.520348333,0.276152693,0.541493333,0.094970916
rtdetr-l,64,test_b03,grid_search,0.429341667,0.185133203,0.36369,0.187980738,0.362531667,0.25735184,0.496621667,0.167682302
rtdetr-l,256,test_a01,baseline,0.933803333,0.013741573,0.920318333,0.011215282,0.922726667,0.013795687,0.918106667,0.014918307
rtdetr-l,256,test_a01,grid_search,0.906248333,0.031086863,0.887503333,0.030219266,0.883973333,0.04249914,0.892226667,0.031836089
rtdetr-l,256,test_a02,baseline,0.824013333,0.033909783,0.835485,0.026553361,0.84417,0.033010621,0.827716667,0.0304284
rtdetr-l,256,test_a02,grid_search,0.694761667,0.075448867,0.725103333,0.052031112,0.692938333,0.096049602,0.775383333,0.066172402
rtdetr-l,256,test_a03,baseline,0.873366667,0.020205559,0.85279,0.019389773,0.874683333,0.029851276,0.832891667,0.026173452
rtdetr-l,256,test_a03,grid_search,0.820903333,0.041006663,0.81417,0.029780936,0.822793333,0.044822399,0.807641667,0.036932969
rtdetr-l,256,test_b01,baseline,0.792383333,0.032342375,0.783305,0.027025897,0.806951667,0.036733693,0.762313333,0.034447289
rtdetr-l,256,test_b01,grid_search,0.69098,0.097968127,0.713763333,0.070415585,0.70941,0.098342881,0.726988333,0.066244089
rtdetr-l,256,test_b02,baseline,0.738153333,0.114612295,0.728115,0.080996143,0.734578333,0.125335181,0.732921667,0.059141726
rtdetr-l,256,test_b02,grid_search,0.70159,0.133842328,0.696436667,0.094830925,0.678758333,0.150127545,0.739603333,0.071813284
rtdetr-l,256,test_b03,baseline,0.692518333,0.111669788,0.611728333,0.124922259,0.630948333,0.21368059,0.639515,0.087050073
rtdetr-l,256,test_b03,grid_search,0.554806667,0.108714867,0.46919,0.115976667,0.429723333,0.166049883,0.582858333,0.125798871
rtdetr-l,1024,test_a01,baseline,0.950686667,0.015567681,0.938068333,0.016159245,0.939006667,0.015523758,0.937233333,0.019534643
rtdetr-l,1024,test_a01,grid_search,0.93021,0.023338908,0.910851667,0.026839375,0.905771667,0.029660372,0.917085,0.037783109
rtdetr-l,1024,test_a02,baseline,0.851538333,0.036742503,0.858481667,0.024102131,0.868573333,0.029356314,0.849441667,0.031202109
rtdetr-l,1024,test_a02,grid_search,0.735736667,0.072630164,0.758706667,0.063308949,0.714193333,0.08791215,0.817811667,0.064742073
rtdetr-l,1024,test_a03,baseline,0.892758333,0.027808414,0.875415,0.025400099,0.890718333,0.024870556,0.861206667,0.033765276
rtdetr-l,1024,test_a03,grid_search,0.846771667,0.054661613,0.841258333,0.043663254,0.856173333,0.050603158,0.828408333,0.048930897
rtdetr-l,1024,test_b01,baseline,0.840963333,0.053487898,0.824676667,0.050090939,0.835605,0.048848991,0.81519,0.058824389
rtdetr-l,1024,test_b01,grid_search,0.762376667,0.100432222,0.764305,0.072920227,0.759455,0.087825726,0.77268,0.069252245
rtdetr-l,1024,test_b02,baseline,0.785703333,0.077016063,0.762751667,0.06918368,0.770735,0.099876535,0.761513333,0.059664831
rtdetr-l,1024,test_b02,grid_search,0.745226667,0.083617525,0.72539,0.08405978,0.706403333,0.132460126,0.763106667,0.066384545
rtdetr-l,1024,test_b03,baseline,0.789116667,0.081461082,0.734065,0.114946957,0.80969,0.184714106,0.696965,0.093235232
rtdetr-l,1024,test_b03,grid_search,0.605225,0.137978573,0.540893333,0.149007595,0.500163333,0.209144566,0.667598333,0.103749187
yolo11m,64,test_a01,baseline,0.866658,0.126546207,0.862502,0.125834083,0.877538,0.127847356,0.848538,0.125720876
yolo11m,64,test_a01,grid_search,0.81833,0.161205939,0.806096,0.151891204,0.809136,0.16478276,0.813736,0.122204201
yolo11m,64,test_a02,baseline,0.709576,0.118571956,0.73045,0.117478532,0.743666,0.12638306,0.720522,0.116587827
yolo11m,64,test_a02,grid_search,0.599994,0.159790886,0.636534,0.151882465,0.624248,0.165715105,0.669512,0.120443051
yolo11m,64,test_a03,baseline,0.726,0.11781148,0.728206,0.114614451,0.781762,0.123184739,0.682816,0.111396397
yolo11m,64,test_a03,grid_search,0.650924,0.161309427,0.679478,0.141485306,0.694044,0.163715969,0.676604,0.119635439
yolo11m,64,test_b01,baseline,0.595188,0.111357726,0.618508,0.102326308,0.6423,0.116411759,0.599786,0.099443408
yolo11m,64,test_b01,grid_search,0.50681,0.156450804,0.568944,0.134557024,0.557692,0.153191946,0.586508,0.11953879
yolo11m,64,test_b02,baseline,0.598266,0.133013451,0.612054,0.114832057,0.608016,0.146646034,0.630824,0.109981248
yolo11m,64,test_b02,grid_search,0.554064,0.152423633,0.581432,0.133648345,0.561624,0.153069257,0.621938,0.113839767
yolo11m,64,test_b03,baseline,0.46661,0.153284544,0.412384,0.145489644,0.519536,0.266053941,0.393984,0.112888629
yolo11m,64,test_b03,grid_search,0.298252,0.164446523,0.272002,0.145277958,0.275704,0.200791533,0.352446,0.133174911
yolo11m,256,test_a01,baseline,0.934022,0.007839494,0.920566,0.007436057,0.922736,0.011589505,0.9186,0.012484783
yolo11m,256,test_a01,grid_search,0.917622,0.019833751,0.891938,0.029806155,0.898154,0.035907433,0.886848,0.037106247
yolo11m,256,test_a02,baseline,0.821244,0.03183199,0.825706,0.027916226,0.83972,0.038819987,0.81331,0.032395435
yolo11m,256,test_a02,grid_search,0.752687755,0.051255242,0.756542857,0.047551652,0.776357143,0.066946782,0.743444898,0.065956908
yolo11m,256,test_a03,baseline,0.833936735,0.020533405,0.820936735,0.01894242,0.855379592,0.022375247,0.789589796,0.024432801
yolo11m,256,test_a03,grid_search,0.820367347,0.04057199,0.822722449,0.037209605,0.833846939,0.044641755,0.812328571,0.034101808
yolo11m,256,test_b01,baseline,0.730073469,0.034876274,0.722773469,0.027596526,0.73185102,0.045177032,0.715726531,0.029136759
yolo11m,256,test_b01,grid_search,0.652144898,0.123367279,0.6869,0.09016182,0.668253061,0.121801016,0.713473469,0.061180184
yolo11m,256,test_b02,baseline,0.672197959,0.097502817,0.669985714,0.072979786,0.669853061,0.113624948,0.680314286,0.062575215
yolo11m,256,test_b02,grid_search,0.637667347,0.110355919,0.650583673,0.085274716,0.634685714,0.122412234,0.680755102,0.079272673
yolo11m,256,test_b03,baseline,0.60445102,0.110622764,0.522953061,0.12206528,0.59985102,0.248015025,0.522042857,0.103301137
yolo11m,256,test_b03,grid_search,0.401744898,0.154311263,0.346006122,0.129965615,0.327120408,0.179320365,0.439134694,0.135392149
yolo11m,1024,test_a01,baseline,0.955585106,0.004481022,0.939512766,0.005124053,0.940329787,0.010766553,0.938829787,0.007436891
yolo11m,1024,test_a01,grid_search,0.939082609,0.011889665,0.904943478,0.024111469,0.905476087,0.032137816,0.905280435,0.030061704
yolo11m,1024,test_a02,baseline,0.875993478,0.014653697,0.870578261,0.012656573,0.877117391,0.019471361,0.864576087,0.018022051
yolo11m,1024,test_a02,grid_search,0.826428889,0.024971444,0.820848889,0.021199042,0.836235556,0.037477734,0.808304444,0.038327049
yolo11m,1024,test_a03,baseline,0.895315556,0.013244741,0.875251111,0.011613093,0.892706667,0.014114554,0.858737778,0.017727999
yolo11m,1024,test_a03,grid_search,0.892382222,0.023210708,0.879371111,0.019163609,0.890931111,0.022353898,0.868482222,0.0241565
yolo11m,1024,test_b01,baseline,0.828455556,0.017673279,0.804833333,0.013729481,0.811977778,0.027548667,0.79868,0.019066553
yolo11m,1024,test_b01,grid_search,0.739844444,0.089247937,0.752877778,0.068953225,0.738206667,0.091546462,0.770802222,0.051170968
yolo11m,1024,test_b02,baseline,0.712553333,0.070152812,0.694455556,0.052655465,0.660755556,0.081976489,0.739106667,0.05068383
yolo11m,1024,test_b02,grid_search,0.711625,0.077456269,0.687747727,0.062745557,0.666668182,0.106740557,0.721438636,0.053918255
yolo11m,1024,test_b03,baseline,0.711968182,0.071109015,0.606531818,0.09117873,0.634440909,0.204033216,0.63,0.085258207
yolo11m,1024,test_b03,grid_search,0.491074419,0.108733434,0.416725581,0.094352208,0.388990698,0.141516645,0.498293023,0.115970781
yolo11n,64,test_a01,baseline,0.888237736,0.01704149,0.881760377,0.013551105,0.888141509,0.016916849,0.875696226,0.016990687
yolo11n,64,test_a01,grid_search,0.83099434,0.055325145,0.817926415,0.053186895,0.817332075,0.071121188,0.820679245,0.04527355
yolo11n,64,test_a02,baseline,0.723456604,0.056776632,0.745569811,0.044733788,0.754962264,0.054830039,0.737811321,0.04554148
yolo11n,64,test_a02,grid_search,0.579459615,0.102360325,0.622886538,0.083492052,0.6022,0.102918098,0.651384615,0.07446837
yolo11n,64,test_a03,baseline,0.671907692,0.055182698,0.679817308,0.047260487,0.742853846,0.043543976,0.628261538,0.058212535
yolo11n,64,test_a03,grid_search,0.535848077,0.100580838,0.593228846,0.086473893,0.595180769,0.099531319,0.595534615,0.084798511
yolo11n,64,test_b01,baseline,0.526276923,0.075974399,0.556363462,0.068122876,0.586525,0.070272196,0.534269231,0.083267755
yolo11n,64,test_b01,grid_search,0.398921154,0.134428861,0.482896154,0.119455003,0.466496154,0.132446446,0.506740385,0.114357472
yolo11n,64,test_b02,baseline,0.634884615,0.101794055,0.648355769,0.073644846,0.664330769,0.104385272,0.640655769,0.064706458
yolo11n,64,test_b02,grid_search,0.560054902,0.120390992,0.596554902,0.096912138,0.592723529,0.118839015,0.612419608,0.101283736
yolo11n,64,test_b03,baseline,0.491245098,0.127980555,0.470401961,0.126559699,0.621870588,0.214279624,0.397909804,0.097521122
yolo11n,64,test_b03,grid_search,0.241684314,0.137397008,0.240770588,0.127094509,0.235543137,0.16457377,0.289731373,0.138068876
yolo11n,256,test_a01,baseline,0.933356863,0.011203254,0.919466667,0.010191598,0.9223,0.013218169,0.916852941,0.014399366
yolo11n,256,test_a01,grid_search,0.90797451,0.025744723,0.875170588,0.034081621,0.877182353,0.040676095,0.87465098,0.042811883
yolo11n,256,test_a02,baseline,0.799147059,0.045575398,0.808678431,0.031050438,0.815209804,0.035625633,0.803062745,0.035652091
yolo11n,256,test_a02,grid_search,0.720858824,0.046133507,0.735431373,0.034655727,0.726568627,0.044492586,0.747035294,0.047596197
yolo11n,256,test_a03,baseline,0.751762745,0.037237379,0.752215686,0.031195791,0.796747059,0.032897613,0.712813725,0.034225768
yolo11n,256,test_a03,grid_search,0.713076471,0.060371883,0.748545098,0.058192011,0.757737255,0.060752758,0.74102549,0.062689935
yolo11n,256,test_b01,baseline,0.643709804,0.069695553,0.656594118,0.05664122,0.680723529,0.050363632,0.636188235,0.068974603
yolo11n,256,test_b01,grid_search,0.551394118,0.133226103,0.608,0.109469545,0.597235294,0.125403642,0.62325098,0.098184837
yolo11n,256,test_b02,baseline,0.726927451,0.070172707,0.722184314,0.053642455,0.732570588,0.086537248,0.717135294,0.039829631
yolo11n,256,test_b02,grid_search,0.679282353,0.084001754,0.686452941,0.06653958,0.690362745,0.09469378,0.689623529,0.060229978
yolo11n,256,test_b03,baseline,0.601003922,0.087848023,0.550864706,0.099227254,0.707256863,0.183396536,0.471413725,0.084982925
yolo11n,256,test_b03,grid_search,0.362547059,0.109051717,0.342498039,0.094709587,0.352403922,0.165615656,0.38215098,0.089219485
yolo11n,1024,test_a01,baseline,0.95512549,0.003872769,0.942545098,0.0048169,0.944056863,0.008211803,0.941111765,0.007123669
yolo11n,1024,test_a01,grid_search,0.938613725,0.008223674,0.899727451,0.015501098,0.905427451,0.026820933,0.895115686,0.026105657
yolo11n,1024,test_a02,baseline,0.822715686,0.024944405,0.8303,0.018147815,0.829021569,0.020710329,0.832047059,0.024602092
yolo11n,1024,test_a02,grid_search,0.767684,0.031131265,0.778626,0.019991251,0.788888,0.03696473,0.77027,0.028885907
yolo11n,1024,test_a03,baseline,0.77227,0.033443222,0.773134,0.026166138,0.807758,0.026085097,0.741524,0.028335739
yolo11n,1024,test_a03,grid_search,0.741584,0.040588534,0.772266,0.040077209,0.78426,0.038744564,0.76146,0.047045067
yolo11n,1024,test_b01,baseline,0.732198,0.039843036,0.73113,0.030339106,0.737758,0.036706931,0.725702,0.035983049
yolo11n,1024,test_b01,grid_search,0.583418,0.067678368,0.634966,0.058386326,0.623448,0.072330566,0.649926,0.058004422
yolo11n,1024,test_b02,baseline,0.763122,0.048866395,0.744182,0.038648234,0.77148,0.069906833,0.72276,0.038309087
yolo11n,1024,test_b02,grid_search,0.736958,0.053904466,0.73239,0.041389781,0.74577,0.068939821,0.724298,0.0500017
yolo11n,1024,test_b03,baseline,0.649544,0.062082,0.596686,0.082728982,0.76437,0.14618868,0.500698,0.071328777
yolo11n,1024,test_b03,grid_search,0.403038,0.106541874,0.40341,0.098591862,0.378784,0.139434558,0.45875,0.089068076