model,n_samples,split,strategy,n_obs,map_mean,map_std,f1_mean,f1_std,pre_mean,pre_std,rec_mean,rec_std
rtdetr-l,64,test_a01,baseline,60,0.888885,0.021404766022420727,0.8833933333333334,0.0164138931093647,0.89315,0.01807641501130736,0.8741033333333333,0.021034837662321677
rtdetr-l,64,test_a01,grid_search,60,0.8443283333333333,0.0404848625892451,0.828445,0.047808397336997245,0.8315833333333333,0.07137848312416947,0.829755,0.041231904813824355
rtdetr-l,64,test_a02,baseline,60,0.76746,0.06116127666025181,0.7882733333333333,0.05064034656837342,0.8010683333333334,0.06621324433969916,0.7780883333333333,0.04850239585788318
rtdetr-l,64,test_a02,grid_search,60,0.6326466666666667,0.1079669934916029,0.6698466666666667,0.08584598836005165,0.6293166666666666,0.12937146512543085,0.7355683333333333,0.05305229109468769
rtdetr-l,64,test_a03,baseline,60,0.8050916666666666,0.03509721265511254,0.7981649999999999,0.029911302920014725,0.8391283333333334,0.02977788447749107,0.761695,0.03731669061298287
rtdetr-l,64,test_a03,grid_search,60,0.7111983333333334,0.06843926787309791,0.73194,0.05181370213383288,0.741405,0.06900049723475957,0.72656,0.05564598208347032
rtdetr-l,64,test_b01,baseline,60,0.6641999999999999,0.06550366531341222,0.67443,0.05194573863862045,0.7170500000000001,0.07689466821568318,0.6423733333333334,0.059508722809311555
rtdetr-l,64,test_b01,grid_search,60,0.5774483333333333,0.13346989820176194,0.6207983333333333,0.10440286782811314,0.6090949999999999,0.13246288821491584,0.6480566666666667,0.08614975012341988
rtdetr-l,64,test_b02,baseline,60,0.6427766666666667,0.11454584363382771,0.6443483333333333,0.07694098881537074,0.6474933333333334,0.13208352887044644,0.6590183333333334,0.06010919862955259
rtdetr-l,64,test_b02,grid_search,60,0.631845,0.12371147601015099,0.6350266666666666,0.09735408876297932,0.6120766666666667,0.1516524297409299,0.6887066666666667,0.05779492637009148
rtdetr-l,64,test_b03,baseline,60,0.552405,0.1441654339550838,0.48806333333333335,0.1544268692773452,0.5203483333333333,0.27615269265062775,0.5414933333333333,0.09497091591669787
rtdetr-l,64,test_b03,grid_search,60,0.4293416666666667,0.1851332028857451,0.36369,0.18798073801431564,0.36253166666666664,0.2573518395489122,0.4966216666666667,0.16768230159549213
rtdetr-l,256,test_a01,baseline,60,0.9338033333333333,0.013741573278129126,0.9203183333333332,0.011215281518892992,0.9227266666666666,0.013795686708221963,0.9181066666666666,0.01491830710924164
rtdetr-l,256,test_a01,grid_search,60,0.9062483333333333,0.0310868629492041,0.8875033333333333,0.030219266313019164,0.8839733333333334,0.042499140037826656,0.8922266666666666,0.03183608903385827
rtdetr-l,256,test_a02,baseline,60,0.8240133333333334,0.03390978293252659,0.835485,0.026553360571255697,0.84417,0.033010621300485515,0.8277166666666667,0.03042839979565625
rtdetr-l,256,test_a02,grid_search,60,0.6947616666666666,0.07544886716510181,0.7251033333333333,0.05203111183580512,0.6929383333333334,0.09604960246023074,0.7753833333333334,0.06617240237559908
rtdetr-l,256,test_a03,baseline,60,0.8733666666666667,0.02020555945200136,0.85279,0.019389772771633843,0.8746833333333334,0.029851276364084873,0.8328916666666667,0.02617345201526694
rtdetr-l,256,test_a03,grid_search,60,0.8209033333333333,0.041006663231461925,0.8141700000000001,0.02978093634343163,0.8227933333333334,0.044822398557299206,0.8076416666666667,0.036932968560172176
rtdetr-l,256,test_b01,baseline,60,0.7923833333333333,0.03234237482065205,0.783305,0.02702589734159893,0.8069516666666666,0.036733693449791785,0.7623133333333333,0.03444728946393941
rtdetr-l,256,test_b01,grid_search,60,0.6909799999999999,0.0979681266050774,0.7137633333333333,0.07041558467393244,0.70941,0.09834288114137413,0.7269883333333333,0.06624408919373367
rtdetr-l,256,test_b02,baseline,60,0.7381533333333333,0.11461229482168912,0.7281150000000001,0.08099614308666339,0.7345783333333333,0.12533518057074225,0.7329216666666666,0.05914172604758003
rtdetr-l,256,test_b02,grid_search,60,0.7015899999999999,0.13384232780351815,0.6964366666666667,0.09483092531173697,0.6787583333333332,0.15012754497388883,0.7396033333333333,0.07181328418413081
rtdetr-l,256,test_b03,baseline,60,0.6925183333333333,0.1116697878685138,0.6117283333333333,0.12492225933968323,0.6309483333333333,0.2136805904684322,0.639515,0.087050072917346
rtdetr-l,256,test_b03,grid_search,60,0.5548066666666667,0.10871486709592033,0.46919,0.11597666729102109,0.42972333333333335,0.1660498826079811,0.5828583333333334,0.12579887134260567
rtdetr-l,1024,test_a01,baseline,60,0.9506866666666667,0.015567681284153121,0.9380683333333334,0.01615924452490953,0.9390066666666667,0.015523758354416857,0.9372333333333334,0.01953464255846534
rtdetr-l,1024,test_a01,grid_search,60,0.9302100000000001,0.023338908373525032,0.9108516666666666,0.0268393746401336,0.9057716666666666,0.029660371848513466,0.917085,0.037783109063554775
rtdetr-l,1024,test_a02,baseline,60,0.8515383333333334,0.03674250340541832,0.8584816666666666,0.02410213079873953,0.8685733333333334,0.029356314059180575,0.8494416666666667,0.031202109292382544
rtdetr-l,1024,test_a02,grid_search,60,0.7357366666666666,0.07263016361448366,0.7587066666666666,0.06330894885914405,0.7141933333333333,0.08791214965234996,0.8178116666666667,0.06474207259021629
rtdetr-l,1024,test_a03,baseline,60,0.8927583333333333,0.02780841411300231,0.875415,0.02540009892547131,0.8907183333333334,0.02487055635578599,0.8612066666666667,0.03376527584823417
rtdetr-l,1024,test_a03,grid_search,60,0.8467716666666667,0.054661612631537244,0.8412583333333334,0.043663254114724465,0.8561733333333333,0.05060315816052599,0.8284083333333334,0.04893089659144758
rtdetr-l,1024,test_b01,baseline,60,0.8409633333333333,0.05348789809796091,0.8246766666666667,0.050090938883116255,0.8356049999999999,0.04884899050012554,0.81519,0.05882438875045288
rtdetr-l,1024,test_b01,grid_search,60,0.7623766666666667,0.1004322224723443,0.764305,0.07292022672826584,0.7594550000000001,0.08782572578788912,0.7726799999999999,0.06925224538977368
rtdetr-l,1024,test_b02,baseline,60,0.7857033333333334,0.07701606252597991,0.7627516666666667,0.06918367959713381,0.7707350000000001,0.09987653535019786,0.7615133333333334,0.05966483070116662
rtdetr-l,1024,test_b02,grid_search,60,0.7452266666666667,0.08361752485739361,0.7253900000000001,0.0840597803825712,0.7064033333333334,0.13246012635297585,0.7631066666666667,0.06638454452214336
rtdetr-l,1024,test_b03,baseline,60,0.7891166666666667,0.08146108183118703,0.734065,0.11494695729563888,0.80969,0.18471410589138623,0.6969650000000001,0.0932352316201029
rtdetr-l,1024,test_b03,grid_search,60,0.605225,0.13797857316461273,0.5408933333333333,0.14900759492265073,0.5001633333333333,0.20914456598302045,0.6675983333333334,0.10374918662808254
yolo11m,64,test_a01,baseline,50,0.866658,0.1265462069195054,0.8625020000000001,0.12583408332614265,0.8775379999999999,0.12784735619368234,0.848538,0.12572087627205056
yolo11m,64,test_a01,grid_search,50,0.81833,0.1612059390838885,0.806096,0.15189120429721117,0.8091360000000001,0.16478275959949354,0.813736,0.12220420140411017
yolo11m,64,test_a02,baseline,50,0.709576,0.11857195621225114,0.73045,0.11747853169053174,0.743666,0.12638305978255154,0.720522,0.11658782673528634
yolo11m,64,test_a02,grid_search,50,0.599994,0.1597908855539716,0.6365339999999999,0.15188246477497805,0.624248,0.16571510497334432,0.669512,0.12044305054460303
yolo11m,64,test_a03,baseline,50,0.726,0.11781148033175369,0.728206,0.11461445114925473,0.781762,0.12318473913233749,0.682816,0.11139639711317381
yolo11m,64,test_a03,grid_search,50,0.650924,0.16130942703072132,0.679478,0.14148530649895077,0.694044,0.16371596877718755,0.676604,0.11963543936066941
yolo11m,64,test_b01,baseline,50,0.5951879999999999,0.11135772590335771,0.618508,0.10232630846503568,0.6423000000000001,0.11641175864585335,0.599786,0.09944340819105639
yolo11m,64,test_b01,grid_search,50,0.50681,0.15645080370388592,0.568944,0.13455702403950284,0.557692,0.1531919455441174,0.5865079999999999,0.11953879028864846
yolo11m,64,test_b02,baseline,50,0.598266,0.13301345123017924,0.612054,0.11483205697976535,0.608016,0.14664603414553098,0.630824,0.10998124804915144
yolo11m,64,test_b02,grid_search,50,0.554064,0.15242363328458444,0.581432,0.1336483452183073,0.561624,0.15306925678080682,0.621938,0.11383976725276308
yolo11m,64,test_b03,baseline,50,0.46661,0.15328454433051053,0.412384,0.14548964387017166,0.519536,0.26605394094784157,0.393984,0.11288862917016206
yolo11m,64,test_b03,grid_search,50,0.29825199999999996,0.16444652283788,0.27200199999999997,0.14527795805957344,0.275704,0.20079153262901855,0.352446,0.13317491062661976
yolo11m,256,test_a01,baseline,50,0.9340219999999999,0.007839494204842232,0.920566,0.007436056942838911,0.922736,0.011589505456864583,0.9186,0.012484782573932457
yolo11m,256,test_a01,grid_search,50,0.917622,0.019833750764486156,0.891938,0.02980615530184249,0.898154,0.03590743320238408,0.886848,0.03710624701242286
yolo11m,256,test_a02,baseline,50,0.821244,0.03183198981386814,0.8257059999999999,0.02791622606211342,0.8397199999999999,0.03881998748803802,0.81331,0.03239543461158485
yolo11m,256,test_a02,grid_search,49,0.7526877551020409,0.05125524214106079,0.7565428571428571,0.04755165174137838,0.7763571428571429,0.066946782347374,0.7434448979591837,0.0659569084744745
yolo11m,256,test_a03,baseline,49,0.8339367346938776,0.020533404632021274,0.8209367346938776,0.018942420360546476,0.8553795918367347,0.022375246549776056,0.7895897959183674,0.024432801081895678
yolo11m,256,test_a03,grid_search,49,0.8203673469387756,0.04057199048068292,0.8227224489795919,0.03720960486054039,0.8338469387755102,0.04464175503401504,0.8123285714285714,0.03410180835869755
yolo11m,256,test_b01,baseline,49,0.7300734693877552,0.034876274023982544,0.7227734693877551,0.02759652586460692,0.7318510204081633,0.04517703197076004,0.7157265306122449,0.02913675925349142
yolo11m,256,test_b01,grid_search,49,0.6521448979591837,0.12336727865271599,0.6869,0.0901618198019539,0.6682530612244898,0.12180101618014935,0.7134734693877551,0.06118018393616176
yolo11m,256,test_b02,baseline,49,0.6721979591836734,0.0975028172451868,0.6699857142857144,0.07297978601411943,0.6698530612244898,0.11362494793185608,0.6803142857142858,0.06257521474194075
yolo11m,256,test_b02,grid_search,49,0.6376673469387755,0.11035591924117452,0.6505836734693877,0.08527471622873427,0.6346857142857143,0.12241223386573745,0.6807551020408164,0.07927267304801115
yolo11m,256,test_b03,baseline,49,0.6044510204081632,0.11062276386148438,0.5229530612244898,0.12206527984040755,0.5998510204081633,0.24801502484934335,0.5220428571428571,0.10330113745743559
yolo11m,256,test_b03,grid_search,49,0.4017448979591837,0.15431126290340424,0.3460061224489796,0.12996561469635481,0.3271204081632653,0.17932036505882407,0.43913469387755105,0.13539214888460793
yolo11m,1024,test_a01,baseline,47,0.9555851063829788,0.0044810217547673024,0.9395127659574468,0.005124053126581856,0.9403297872340426,0.010766552774653488,0.9388297872340425,0.007436891440754848
yolo11m,1024,test_a01,grid_search,46,0.9390826086956522,0.011889665061123475,0.9049434782608696,0.024111469397814392,0.9054760869565217,0.03213781562640366,0.9052804347826087,0.030061704095744417
yolo11m,1024,test_a02,baseline,46,0.8759934782608695,0.014653697329023406,0.8705782608695651,0.012656573400472416,0.8771173913043478,0.01947136135568024,0.8645760869565217,0.01802205050342013
yolo11m,1024,test_a02,grid_search,45,0.826428888888889,0.024971443892995247,0.820848888888889,0.02119904181177474,0.8362355555555556,0.03747773372620768,0.8083044444444444,0.038327049287294586
yolo11m,1024,test_a03,baseline,45,0.8953155555555555,0.013244740904078164,0.8752511111111111,0.011613092576567159,0.8927066666666666,0.014114554061805727,0.8587377777777778,0.01772799902682051
yolo11m,1024,test_a03,grid_search,45,0.8923822222222223,0.023210707647440442,0.8793711111111111,0.01916360924230921,0.8909311111111111,0.022353897587976405,0.8684822222222222,0.024156500055875146
yolo11m,1024,test_b01,baseline,45,0.8284555555555555,0.017673279208449057,0.8048333333333334,0.013729480556948843,0.8119777777777778,0.02754866676273173,0.7986800000000001,0.019066553294852576
yolo11m,1024,test_b01,grid_search,45,0.7398444444444444,0.08924793747439962,0.7528777777777778,0.06895322488631135,0.7382066666666666,0.09154646212319037,0.7708022222222223,0.05117096783816923
yolo11m,1024,test_b02,baseline,45,0.7125533333333334,0.07015281242337397,0.6944555555555555,0.05265546486166444,0.6607555555555555,0.08197648930016335,0.7391066666666666,0.050683830127207605
yolo11m,1024,test_b02,grid_search,44,0.711625,0.07745626860694767,0.6877477272727273,0.06274555664296494,0.6666681818181819,0.10674055651869004,0.7214386363636364,0.05391825516425504
yolo11m,1024,test_b03,baseline,44,0.7119681818181818,0.07110901481046558,0.6065318181818182,0.09117873011028564,0.6344409090909091,0.20403321585282963,0.63,0.0852582069977144
yolo11m,1024,test_b03,grid_search,43,0.4910744186046511,0.10873343353406215,0.4167255813953488,0.09435220766847925,0.38899069767441863,0.14151664518277482,0.498293023255814,0.11597078120381557
yolo11n,64,test_a01,baseline,53,0.8882377358490566,0.01704149039183593,0.8817603773584906,0.013551104689891538,0.8881415094339623,0.016916849065153325,0.8756962264150944,0.016990687067469448
yolo11n,64,test_a01,grid_search,53,0.8309943396226415,0.055325145260660666,0.8179264150943396,0.053186895258944364,0.8173320754716982,0.07112118794322642,0.8206792452830189,0.045273550431242045
yolo11n,64,test_a02,baseline,53,0.723456603773585,0.0567766322105046,0.7455698113207547,0.04473378771605704,0.7549622641509434,0.054830038883861884,0.737811320754717,0.04554148007956533
yolo11n,64,test_a02,grid_search,52,0.5794596153846154,0.1023603252253593,0.6228865384615384,0.08349205205533194,0.6022,0.10291809802926201,0.6513846153846153,0.07446837040009166
yolo11n,64,test_a03,baseline,52,0.6719076923076923,0.055182697793299346,0.6798173076923076,0.04726048683772485,0.7428538461538461,0.043543975795215344,0.6282615384615385,0.05821253538558598
yolo11n,64,test_a03,grid_search,52,0.5358480769230769,0.10058083762919277,0.5932288461538462,0.08647389345705979,0.5951807692307692,0.0995313194150199,0.5955346153846154,0.08479851063392282
yolo11n,64,test_b01,baseline,52,0.5262769230769231,0.07597439872045808,0.5563634615384616,0.06812287637660362,0.5865250000000001,0.07027219592134462,0.5342692307692307,0.08326775507176112
yolo11n,64,test_b01,grid_search,52,0.39892115384615384,0.13442886060421852,0.48289615384615386,0.11945500254060468,0.46649615384615384,0.13244644639018305,0.5067403846153846,0.11435747231536282
yolo11n,64,test_b02,baseline,52,0.6348846153846153,0.10179405465249074,0.6483557692307692,0.07364484570828214,0.6643307692307693,0.10438527155228243,0.6406557692307692,0.06470645757834269
yolo11n,64,test_b02,grid_search,51,0.5600549019607843,0.12039099187850473,0.5965549019607843,0.096912138174174,0.5927235294117646,0.11883901478594527,0.6124196078431372,0.10128373614674342
yolo11n,64,test_b03,baseline,51,0.4912450980392157,0.12798055526325158,0.47040196078431373,0.12655969894116542,0.6218705882352941,0.21427962413082363,0.39790980392156866,0.0975211223374751
yolo11n,64,test_b03,grid_search,51,0.2416843137254902,0.13739700778772299,0.2407705882352941,0.12709450860539592,0.23554313725490197,0.1645737697871711,0.2897313725490196,0.1380688762758589
yolo11n,256,test_a01,baseline,51,0.933356862745098,0.011203254079096144,0.9194666666666667,0.01019159784659239,0.9223,0.013218169313486652,0.9168529411764706,0.014399365999115043
yolo11n,256,test_a01,grid_search,51,0.9079745098039216,0.025744722512680177,0.875170588235294,0.03408162140578201,0.8771823529411765,0.04067609472838981,0.8746509803921568,0.04281188326877954
yolo11n,256,test_a02,baseline,51,0.7991470588235294,0.04557539842038102,0.8086784313725491,0.03105043841059565,0.8152098039215686,0.03562563265348119,0.8030627450980393,0.035652090882776086
yolo11n,256,test_a02,grid_search,51,0.7208588235294119,0.046133507026761285,0.7354313725490196,0.03465572674289821,0.7265686274509804,0.04449258585515611,0.747035294117647,0.04759619658556517
yolo11n,256,test_a03,baseline,51,0.7517627450980392,0.03723737885933603,0.7522156862745097,0.031195790565709446,0.7967470588235295,0.032897613001196174,0.7128137254901961,0.034225768184850666
yolo11n,256,test_a03,grid_search,51,0.7130764705882353,0.06037188282051601,0.7485450980392158,0.05819201083903352,0.7577372549019608,0.060752757832988336,0.7410254901960783,0.06268993489592167
yolo11n,256,test_b01,baseline,51,0.6437098039215686,0.06969555295684787,0.6565941176470588,0.05664121966117859,0.6807235294117647,0.050363632070117,0.6361882352941176,0.0689746029986656
yolo11n,256,test_b01,grid_search,51,0.5513941176470588,0.1332261031656555,0.608,0.1094695446231508,0.5972352941176471,0.1254036424088701,0.6232509803921569,0.09818483665525754
yolo11n,256,test_b02,baseline,51,0.7269274509803922,0.07017270716861757,0.7221843137254902,0.05364245472589419,0.7325705882352941,0.08653724815157376,0.7171352941176471,0.03982963129896841
yolo11n,256,test_b02,grid_search,51,0.6792823529411764,0.08400175404331114,0.6864529411764707,0.06653958025999616,0.6903627450980392,0.09469378007194414,0.6896235294117647,0.06022997787891105
yolo11n,256,test_b03,baseline,51,0.6010039215686275,0.08784802322371134,0.5508647058823529,0.0992272539648849,0.7072568627450981,0.18339653568691197,0.4714137254901961,0.08498292539000488
yolo11n,256,test_b03,grid_search,51,0.3625470588235294,0.1090517168190234,0.3424980392156863,0.0947095866112741,0.35240392156862743,0.16561565621738097,0.38215098039215684,0.08921948525417307
yolo11n,1024,test_a01,baseline,51,0.9551254901960784,0.0038727686807892296,0.9425450980392157,0.004816899987564208,0.944056862745098,0.008211802601182294,0.9411117647058823,0.007123668915911914
yolo11n,1024,test_a01,grid_search,51,0.9386137254901962,0.008223673622119076,0.8997274509803921,0.015501097747338707,0.9054274509803921,0.02682093270884794,0.8951156862745098,0.026105657414047405
yolo11n,1024,test_a02,baseline,51,0.8227156862745099,0.024944405164677868,0.8303,0.018147815295511453,0.8290215686274509,0.02071032895659063,0.8320470588235294,0.02460209221136427
yolo11n,1024,test_a02,grid_search,50,0.767684,0.031131264946077236,0.778626,0.019991251249749525,0.788888,0.036964730238873006,0.77027,0.02888590681015394
yolo11n,1024,test_a03,baseline,50,0.77227,0.03344322175916448,0.773134,0.026166138033569968,0.8077580000000001,0.026085096925881887,0.741524,0.02833573902552124
yolo11n,1024,test_a03,grid_search,50,0.741584,0.040588534422058294,0.772266,0.040077209208715915,0.7842600000000001,0.03874456380564626,0.76146,0.04704506740718881
yolo11n,1024,test_b01,baseline,50,0.732198,0.03984303636695846,0.73113,0.03033910556576468,0.737758,0.0367069313923801,0.725702,0.03598304867346198
yolo11n,1024,test_b01,grid_search,50,0.583418,0.06767836808111177,0.634966,0.058386326362620644,0.623448,0.07233056553217375,0.649926,0.058004422104469495
yolo11n,1024,test_b02,baseline,50,0.7631220000000001,0.04886639548977666,0.744182,0.0386482340595061,0.7714799999999999,0.06990683304314714,0.72276,0.03830908668252194
yolo11n,1024,test_b02,grid_search,50,0.736958,0.053904466097960034,0.7323900000000001,0.04138978110103796,0.7457699999999999,0.06893982069566924,0.724298,0.05000169993028602
yolo11n,1024,test_b03,baseline,50,0.6495439999999999,0.06208200028336452,0.5966859999999999,0.08272898218809142,0.76437,0.1461886804992864,0.500698,0.07132877740235201
yolo11n,1024,test_b03,grid_search,50,0.403038,0.10654187428194704,0.40341,0.09859186175380619,0.378784,0.13943455836092475,0.45875,0.08906807589061944
