model,cat,strategy,n_obs,pre_mean,pre_std,rec_mean,rec_std,f1_mean,f1_std,time_hptuning_mean,time_hptuning_std,time_inference_mean,time_inference_std
rtdetr-l,A_unfinetuned,baseline,60,0.0019716666666666667,0.0032089964462570526,0.00021333333333333333,0.0004454921737092114,0.00036833333333333336,0.0007744854315065062,0.0,0.0,7.4185,1.1178866638529776
rtdetr-l,A_unfinetuned,bo_exploitation,60,0.6747650000000001,0.10773880346090002,0.51201,0.11513221684625116,0.5806883333333333,0.11368439675246444,6.616833333333333,2.084008109931409,100.1255,33.099655557888326
rtdetr-l,A_unfinetuned,bo_exploration,60,0.6704283333333334,0.13617406618831604,0.5160233333333334,0.1360963808117486,0.5813699999999999,0.13733653000777424,6.561833333333333,2.2152839598116696,111.42916666666666,42.85602084914789
rtdetr-l,A_unfinetuned,grid_search,60,0.76447,0.05166213018174197,0.6465316666666666,0.03771183553671212,0.7004516666666666,0.04302217595954191,11.632666666666667,1.1442588700036018,226.3118333333333,12.622437446483756
rtdetr-l,B_finetuned_unsupervised,baseline,60,0.003335,0.006082200343374852,0.00032833333333333336,0.0006003083012062843,0.0005883333333333333,0.0010734218477732025,0.0,0.0,7.641,0.9441446671683175
rtdetr-l,B_finetuned_unsupervised,bo_exploitation,60,0.699775,0.08907142368318334,0.5515749999999999,0.09692610609311038,0.6158300000000001,0.09429944605046062,7.1055,1.9027227814505314,113.57433333333333,34.113901503920786
rtdetr-l,B_finetuned_unsupervised,bo_exploration,60,0.7166250000000001,0.06924408957216469,0.5748066666666667,0.07649314994625707,0.6370316666666667,0.07263926073801255,7.299166666666666,1.9915935972223793,135.16733333333335,51.664820567711125
rtdetr-l,B_finetuned_unsupervised,grid_search,60,0.7576,0.04885319412557572,0.6408833333333334,0.036397751684460085,0.6942566666666666,0.041000997783091075,11.790666666666668,1.1515882424833923,228.54433333333333,14.464846969571006
rtdetr-l,C_finetuned_supervised,bo_exploitation,60,0.7095583333333334,0.0876430845438565,0.562975,0.09978001502457837,0.6264233333333333,0.09496251957637701,19.096999999999998,8.424995357842105,108.76783333333333,52.910143338563586
rtdetr-l,C_finetuned_supervised,bo_exploration,60,0.6990933333333333,0.1186161547100229,0.5551916666666667,0.11753082868801017,0.61754,0.11831933406489119,17.78083333333333,8.003950569407216,102.79383333333334,51.84957525908985
rtdetr-l,C_finetuned_supervised,grid_search,60,0.7589016666666667,0.04860933680162469,0.6365716666666666,0.038117917365640346,0.6922683333333333,0.041828027630767206,29.451666666666664,10.962649247835733,104.77783333333333,38.70453352728814
yolo11m,A_unfinetuned,baseline,59,0.0008694915254237287,0.0007456203705612589,5.593220338983051e-05,7.015054363757685e-05,0.00011016949152542374,0.0001155122254378257,0.0,0.0,5.623728813559322,0.7973336996755016
yolo11m,A_unfinetuned,bo_exploitation,59,0.7329983050847457,0.05669008151260075,0.6063966101694915,0.06826794564145046,0.6630271186440678,0.06271416776220802,5.31593220338983,1.4531536675559364,80.01288135593221,21.407829380766877
yolo11m,A_unfinetuned,bo_exploration,59,0.7230305084745763,0.10570389718819019,0.6082576271186441,0.09994622382232016,0.6601203389830508,0.10284989192434103,5.341016949152542,1.5376635824559353,90.37288135593221,28.330191952004224
yolo11m,A_unfinetuned,grid_search,59,0.764,0.0391736540600158,0.6554254237288135,0.026921793461421328,0.7053661016949152,0.030387733517561098,8.228135593220339,1.3576214933583366,144.2664406779661,14.07679856368111
yolo11m,B_finetuned_unsupervised,baseline,58,0.0007827586206896551,0.0004963508701794415,0.0,0.0,5e-05,5.043668951391246e-05,0.0,0.0,4.538793103448276,0.4472374367870873
yolo11m,B_finetuned_unsupervised,bo_exploitation,58,0.8130034482758621,0.03659815912117277,0.6481534482758621,0.07907660335666361,0.7191637931034482,0.060600045446905136,5.03396551724138,1.3050441138677862,74.54086206896551,20.73289218951482
yolo11m,B_finetuned_unsupervised,bo_exploration,58,0.8186689655172413,0.031561125360145034,0.663646551724138,0.06766261300324651,0.7313896551724138,0.05132985755943603,5.047931034482759,1.4274486608529362,81.80637931034484,23.470608323638945
yolo11m,B_finetuned_unsupervised,grid_search,58,0.8289379310344828,0.023402450220992646,0.710755172413793,0.018304751299736095,0.7653051724137931,0.020466013096717556,7.62448275862069,1.120908422967718,135.5363793103448,8.748152025062188
yolo11m,C_finetuned_supervised,bo_exploitation,58,0.8174310344827587,0.039433591553023915,0.6634758620689655,0.07296614285838167,0.7312448275862069,0.05944588626498388,14.949827586206897,6.9664241101179485,69.9901724137931,27.46900744739771
yolo11m,C_finetuned_supervised,bo_exploration,58,0.8206603448275862,0.03218744955181965,0.6619241379310344,0.07509041172782534,0.7308689655172413,0.056684000053533315,14.299999999999999,7.161157899120808,74.62706896551724,29.24191518247428
yolo11m,C_finetuned_supervised,grid_search,58,0.8309155172413794,0.02712611095129197,0.7238379310344827,0.017472643556064028,0.7736396551724137,0.02087525135602572,22.86293103448276,9.65515697286165,56.785000000000004,5.464492159515237
yolo11n,A_unfinetuned,baseline,58,0.0010913793103448275,0.001435915806890052,3.793103448275862e-05,6.965475313285368e-05,7.758620689655172e-05,0.00012000453711930895,0.0,0.0,4.561551724137931,0.522946448984738
yolo11n,A_unfinetuned,bo_exploitation,58,0.7623172413793103,0.06962681762516065,0.6114413793103448,0.10156706890416514,0.6771120689655172,0.09063900457325341,4.973275862068966,1.4661638547177542,76.04948275862068,21.569826750429808
yolo11n,A_unfinetuned,bo_exploration,58,0.7790120689655172,0.06709441129649495,0.6402603448275862,0.08732375119454058,0.7020655172413793,0.08018101134029383,4.818103448275862,1.4936244119080107,82.82827586206896,25.181155731871012
yolo11n,A_unfinetuned,grid_search,58,0.8196637931034483,0.028171596360524246,0.6993189655172414,0.020311516540480877,0.7546,0.021827184081147092,7.577931034482758,1.2676580957781534,134.87862068965518,7.514344282367583
yolo11n,B_finetuned_unsupervised,baseline,68,0.0007661764705882353,0.0007120729239272776,1.7647058823529414e-05,3.8405442985621996e-05,6.470588235294118e-05,7.681088597124399e-05,0.0,0.0,4.726911764705882,0.36112699776704915
yolo11n,B_finetuned_unsupervised,bo_exploitation,68,0.755675,0.10697285661437114,0.6055088235294117,0.11823668488386588,0.6710279411764706,0.11506427515347017,4.825441176470588,1.552105391312677,75.0975,23.88868534864502
yolo11n,B_finetuned_unsupervised,bo_exploration,68,0.7626779411764706,0.057275466461518654,0.6133279411764706,0.09588533706649154,0.6783838235294117,0.08223821534283414,4.7025,1.5007782806801255,79.42397058823529,24.355277165127212
yolo11n,B_finetuned_unsupervised,grid_search,68,0.8181088235294117,0.015922327656415193,0.6992573529411765,0.00699110983815129,0.7539897058823529,0.009952756157772772,7.417058823529412,1.226921957186137,128.78632352941176,5.6155405115669925
yolo11n,C_finetuned_supervised,bo_exploitation,68,0.7723955882352941,0.05273294145573704,0.614425,0.09841244062693118,0.6824794117647058,0.08243526009609904,14.761176470588236,6.897994631669597,62.81,22.103617047152355
yolo11n,C_finetuned_supervised,bo_exploration,68,0.7804588235294118,0.05288690619006235,0.6368544117647059,0.08535821871755452,0.700214705882353,0.0735087328850115,14.46735294117647,7.445366909084247,65.28926470588236,24.326096196629884
yolo11n,C_finetuned_supervised,grid_search,68,0.82335,0.017588170210209014,0.7166058823529412,0.008389632592118014,0.7662441176470588,0.011843473955273251,23.05720588235294,10.076138926120082,54.01294117647059,3.178724544189295
